;Albert-Einstein-Str. 20, 71717 Beilstein-Zentrum;Alter Lauffener Weg, 74336 Brackenheim-Meimsheim;Am Dreschplatz, 74906 Bad Rappenau-Obergimpern;Am Forchenwald, 74348 Lauffen am Neckar;Am Schmalbach, 74246 Eberstadt;Am Schäufelfeld 20, 74426 Bühlerzell;Am Sportplatz 11, 74420 Oberrot-Zentrum;An den Sportanlagen 6, 74585 Rot am See;An der Jagstbrücke, 74214 Berlichingen;An der Weinsteige 1, 74363 Güglingen-Zentrum;Arkau 3, 97980 Bad Mergentheim;Aspacher Str., 74532 Ilshofen;August-Laukhuff-Str., 97990 Weikersheim-Zentrum;Austr., 74177 Bad Friedrichshall-Untergriesheim;Austr., 74193 Schwaigern-Stetten;Bachgasse 94, 74673 Mulfingen-Zentrum;Badstr. 100, 74072 Heilbronn-Zentrum;Bahnhoffußweg 21, 74182 Obersulm-Willsbach;Ballenwasen 4, 74653 Künzelsau-Gaisbach;Bibersteige 19, 74078 Heilbronn-Biberach;Breibachweg, 74226 Nordheim-Zentrum;Breiteichstr. 49, 74523 Schwäbisch Hall;Breitwiesen 1 (an der B 293), 74211 Leingarten-Schluchtern;Brückenstr. 28, 74360 Ilsfeld;Brückenstr., 74214 Schöntal-Westernhausen;Brückenwiesenweg, 74676 Niedernhall;Buchsmühle 1, 74239 Hardthausen;Böllinger Str. 40, 74078 Heilbronn-Neckargartach;Cleversulzbacher Str. 89, 74196 Neuenstadt am Kocher;Cleversulzbacher Str. 89, 74196 Neuenstadt am Kocher-Zentrum;Cleversulzbacher Str., 74243 Langenbrettach-Brettach;DJK Bieringen, 74214 Schöntal-Bieringen;Danziger Str., 74831 Gundelsheim-Zentrum;Eberwinstr. 26, 74172 Neckarsulm-Obereisesheim;Egarten, 74211 Leingarten-Großgartach;Einsteinstr. 19, 74626 Bretzfeld-Zentrum;Erich-Sailer-Str. 59, 74206 Bad Wimpfen-Zentrum;Erlenbacher Str., 74172 Neckarsulm-Dahenfeld;Erlenbachtalstr., 97999 Igersheim-Zentrum;Erpfentalstr. 6, 97980 Bad Mergentheim-Wachbach;Eulenbergstr. 60, 74248 Ellhofen-Zentrum;FC Billingsbach, 74572 Billingsbach;FC Honhardt, 74586 Frankenhardt-Honhardt;FC Ottendorf, 74405 Ottendorf;FV Künzelsau, 74653 Künzelsau-Zentrum;Falltorstr. 10, 74193 Schwaigern;Falltorstr. 10, 74193 Schwaigern-Zentrum;Flurstr., 74538 Rosengarten-Westheim;Flügelaustraße 29, 74363 Eibensbach;Frankenstr., 74906 Bad Rappenau-Fürfeld;Freibadweg, 74629 Pfedelbach-Untersteinbach;Freie-Weg, 74572 Blaufelden-Gammesfeld;Gaildorfer Str. 7, 74586 Frankenhardt-Gründelhardt;Gartenstr. 24, 74249 Jagsthausen-Zentrum;Grabenstr., 74582 Gerabronn;Grabenteichweg 25, 74653 Künzelsau-Amrichshausen;Hagenbacher Ring, 74523 Schwäbisch Hall;Hagenbusch, 74423 Obersontheim;Hagenhofweg, 74544 Michelbach an der Bilz;Hallstattweg 36, 74653 Künzelsau-Zentrum;Hasenweg, 74626 Bretzfeld-Bitzfeld;Heilbronner Str. 56, 74252 Massenbachhausen;Heilbronner Str., 74259 Widdern-Zentrum;Hohe Str., 74177 Bad Friedrichshall-Jagstfeld;Hohenlohe Allee 9, 74629 Pfedelbach-Zentrum;Horkheimer Str., 74081 Heilbronn-Sontheim;Im Bisland 6, 74906 Bad Rappenau-Bonfeld;Im Greut, 74673 Mulfingen-Hollenbach;Im Kies 1, 74542 Braunsbach;Im Spitzen, 74670 Forchtenberg-Zentrum;Im Unteren Tal, 74397 Pfaffenhofen;Im Wacholder 1, 74523 Schwäbisch Hall-Hessental;Im Wiesental, 74336 Brackenheim-Zentrum;Im Wolfental, 97980 Bad Mergentheim-Neunkirchen;In den Mühlgärten 9, 74196 Neuenstadt am Kocher-Kochertürn;Jahnstr., 74582 Gerabronn;Kanalweg, 97996 Niederstetten-Zentrum;Keltergasse, 74613 Öhringen-Michelbach;Kernmühlenweg, 74589 Satteldorf-Neidenfels;Kirchstr., 74564 Crailsheim;Kirschenwiesen, 74232 Abstatt-Zentrum;Ladestr. 5, 74523 Schwäbisch Hall-Sulzdorf;Laibacher Str., 74238 Krautheim-Klepsau;Lange Wiesen 1, 74081 Heilbronn-Klingenberg;Lindenstr., 74193 Schwaigern-Niederhofen;Lindenstr., 74679 Weißbach-Zentrum;Luckenbacher Str. 42, 74523 Schwäbisch Hall-Bibersfeld;Max-von-Laue-Str. 1-3, 74081 Heilbronn-Sontheim;Michelbachstr., 74182 Obersulm-Affaltrach;Mittelgasse 24, 74599 Wallhausen-Hengstfeld;Mörikestr. 37, 74229 Oedheim;Mühlweg, 74193 Schwaigern-Massenbach;Mühlweg, 74254 Offenau-Zentrum;Mühlweg, 74831 Gundelsheim-Obergriesheim;Nagelsberg, 74653 Künzelsau-Nagelsberg;Neckarstr. 1, 74906 Bad Rappenau-Heinsheim;Neue Str. 29, 74635 Kupferzell-Zentrum;Obergruppenbacher Str., 74199 Untergruppenbach-Zentrum;Oberheinrieter Str., 74199 Untergruppenbach-Unterheinriet;Ochsenweg 1, 74360 Ilsfeld-Auenstein;Ohrnberger Str. 4, 74177 Bad Friedrichshall-Hagenbach;Pfaffenmühlweg 44, 74613 Öhringen-Zentrum;Pfarrstr. 28, 74831 Gundelsheim-Bachenau;Pichterichstr. 71, 74172 Neckarsulm;Pichterichstr. 71, 74172 Neckarsulm-Zentrum;Raiffeisenstr., 74226 Nordheim-Nordhausen;Ramsbacher Str., 74523 Schwäbisch Hall-Tüngental;Rappenhofweg, 74189 Weinsberg-Zentrum;Reblandstr. 31, 74382 Neckarwestheim-Zentrum;Reblandstr., 74613 Öhringen-Verrenberg;Riedweg 52, 74078 Heilbronn-Frankenbach;Rothenburger Str., 97993 Creglingen-Zentrum;SV Ingersheim, 74564 Crailsheim;Schenkenseestr., 74523 Schwäbisch Hall;Schloßstr. 11/1, 74405 Gaildorf;Schulstr. 11, 74238 Krautheim-Zentrum;Schulstr. 7, 74427 Fichtenberg-Zentrum;Schulstr., 74336 Brackenheim-Stockheim;Schwabbacher Str., 74243 Langenbrettach-Langenbeutingen;Schwabenweg 25, 74172 Neckarsulm-Amorbach;Schönebürgstr., 74564 Crailsheim;Schützenstr., 74389 Cleebronn-Zentrum;Seehäldenweg 12, 74613 Ohrnberg-Ohrnberg;Seemühle, 74245 Löwenstein-Seemühle;Seestr. 72, 74595 Langenburg;Seestr., 74251 Lehrensteinsfeld-Zentrum;Seewiese 2, 97990 Laudenbach;Siercker Str. 9, 74638 Waldenburg;Siglinger Str., 74861 Neudenau-Zentrum;Sonnenstr., 74831 Gundelsheim-Höchstberg;Sontheimer Str., 74388 Talheim-Zentrum;Sportgaststätte Bellissima, 71543 Wüstenrot;Sportplatzweg, 74626 Bretzfeld-Waldbach;Sportzentrum 2, 74579 Fichtenau-Matzenbach;Stadionweg 9, 74575 Schrozberg;Steinbrünnleswiesen 1, 74078 Heilbronn-Kirchhausen;Steinbühl, 74535 Mainhardt;Stichele 1, 74238 Krautheim-Gommersdorf;Stuttgarter Str. 181, 74545 Michelfeld;TSV Dörzbach, 74677 Dörzbach-Zentrum;TSV Eutendorf, 74405 Gaildorf-Eutendorf;TSV Röttingen, 97285 Röttingen-Zentrum;TSV Schwabbach, 74626 Bretzfeld-Schwabbach;TSV Vellberg, 74541 Vellberg-Talheim;Talheimer Str. 1, 74223 Flein-Zentrum;Talstr. 21, 74235 Erlenbach-Zentrum;Talstr. 25, 74182 Obersulm-Sülzbach;Tauberstraße 22, 97285 Taubertal-Tauberrettersheim;Theobaldstr., 97980 Bad Mergentheim-Edelfingen;Todtenwald, 74374 Zaberfeld-Leonbronn;Tuchbleiche 21, 74670 Forchtenberg-Sindringen;Uferweg 20, 74592 Kirchberg an der Jagst;Unter dem Hörnle, 74336 Brackenheim-Dürrenzimmern;Unterer Wasen 5, 97980 Bad Mergentheim-Markelsheim;Unteres Weiler, 74564 Crailsheim-Westgartshausen;Untergriesheimer Str. 15, 74861 Neudenau-Herbolzheim;Viehweide 20, 74080 Heilbronn-Böckingen;Viehweide 5, 74080 Heilbronn-Böckingen;Wallgraben, 97990 Weikersheim-Elpersheim;Weilerer Str., 74374 Zaberfeld-Zentrum;Weinbergstr. 10, 74424 Bühlertann;Wertwiesen 6, 74081 Heilbronn-Sontheim;Wertwiesen 8, 74081 Heilbronn-Sontheim;Weststr. 30, 74629 Pfedelbach;Ziegelberg 40, 74538 Rosengarten-Rieden;Zum Sportplatz, 74639 Zweiflingen;Zur Schön, 74177 Bad Friedrichshall-Duttenberg;Züttlinger Str. 1, 74219 Möckmühl;Züttlinger Str., 74861 Neudenau-Siglingen;Öhringer Str. 78, 71543 Wüstenrot-Neuhütten;Öhringer Str., 74632 Neuenstein-Zentrum
Albert-Einstein-Str. 20, 71717 Beilstein-Zentrum;0.0;15.9;30.2;11.1;15.4;45.0;26.4;56.8;34.0;23.1;61.0;46.0;65.0;25.3;23.9;49.2;12.5;11.0;40.5;20.6;14.3;30.3;17.4;4.9;37.9;36.2;25.2;16.4;21.0;21.0;20.4;37.7;28.4;19.1;17.3;17.4;24.0;18.3;61.7;56.7;11.0;51.9;54.2;267.4;40.5;21.9;21.9;30.6;22.3;25.8;21.5;64.2;49.1;31.6;50.1;40.9;31.7;43.1;33.8;38.6;18.6;23.9;30.9;22.8;20.7;12.3;24.2;51.4;39.4;32.7;25.4;35.2;17.8;58.2;21.0;50.5;59.2;23.6;57.2;55.1;2.8;38.8;46.6;13.1;24.5;35.1;28.4;10.9;11.9;60.7;22.7;21.8;24.2;25.4;38.4;26.8;34.3;5.7;4.8;2.1;22.1;22.5;27.1;16.6;16.6;16.3;37.8;10.7;8.9;19.7;16.2;70.8;56.2;33.2;35.0;44.5;30.2;21.7;20.1;19.0;56.8;20.2;25.6;8.3;46.4;9.4;65.4;27.7;27.6;27.8;10.2;12.4;14.8;65.3;58.7;20.6;18.3;44.8;27.2;47.1;34.0;70.7;15.7;42.2;9.9;14.4;11.5;70.1;61.4;31.2;28.9;52.4;17.0;61.3;59.6;26.2;12.5;12.6;62.7;27.3;44.2;12.1;12.0;20.4;29.2;27.9;24.2;31.1;28.8;14.9;27.6
Alter Lauffener Weg, 74336 Brackenheim-Meimsheim;15.9;0.0;20.8;4.9;20.9;60.9;42.3;70.7;40.7;7.2;69.4;60.7;74.6;23.9;9.5;60.4;10.9;20.8;51.5;14.9;5.3;45.3;8.9;11.0;45.7;46.1;30.7;14.3;25.7;25.7;27.1;45.2;24.6;17.0;7.3;27.8;19.3;21.7;70.1;66.0;19.3;64.4;69.8;276.1;51.5;9.1;9.1;46.4;6.8;15.7;35.4;77.5;64.6;38.4;63.6;52.6;47.0;58.8;49.3;50.0;28.6;12.4;36.2;21.1;32.4;8.6;16.0;62.0;53.0;41.8;9.7;50.5;2.0;66.3;25.3;64.0;70.3;36.3;72.0;70.3;15.1;54.2;55.3;8.3;9.0;44.7;43.8;10.4;22.7;75.1;22.4;10.4;20.2;23.8;49.2;21.9;47.0;13.7;16.9;14.0;20.8;33.6;24.3;17.0;17.0;3.8;52.9;17.1;7.3;30.2;12.2;81.7;71.5;48.2;50.9;52.8;46.1;5.9;28.0;19.4;72.0;5.4;33.7;21.0;59.6;18.4;74.8;40.8;28.2;26.1;7.5;27.1;25.1;81.0;71.0;12.9;33.6;53.0;42.4;56.3;49.8;80.6;27.1;57.6;9.5;16.9;19.9;79.8;68.9;15.5;36.8;66.6;1.7;70.4;74.9;26.2;9.9;10.3;72.3;11.6;60.0;10.2;10.2;32.2;44.8;37.3;21.3;34.5;30.6;29.2;39.4
Am Dreschplatz, 74906 Bad Rappenau-Obergimpern;30.2;20.8;0.0;22.4;21.8;69.9;52.8;71.7;33.6;20.6;60.9;64.2;67.5;13.4;13.3;56.8;17.8;26.4;48.7;10.0;17.7;51.3;13.4;26.6;39.0;42.4;25.3;14.5;22.0;22.0;25.1;38.2;10.0;13.1;14.3;30.0;8.6;19.4;61.4;58.9;24.5;62.9;76.4;264.6;48.7;11.9;11.9;54.7;22.3;5.1;40.2;76.7;71.0;31.9;64.0;50.7;53.5;66.0;56.8;48.0;30.1;8.6;28.4;12.7;34.7;18.1;6.0;57.2;54.7;37.9;22.3;56.6;19.7;57.5;21.3;64.5;65.9;38.9;75.0;75.1;27.8;60.3;48.5;17.4;16.0;40.6;51.1;19.3;28.1;77.0;14.8;10.4;9.4;13.0;46.4;8.0;47.6;24.8;27.6;28.2;13.4;34.7;11.5;16.2;16.2;17.3;58.2;22.6;25.5;31.6;14.2;76.1;76.4;53.8;61.0;45.6;57.2;18.5;27.1;15.7;76.4;23.5;30.5;29.4;59.7;25.0;67.3;43.2;17.7;13.5;20.9;35.7;28.5;87.5;68.5;9.6;42.0;45.6;49.2;50.0;59.2;73.5;30.9;63.7;20.4;18.6;24.7;72.4;59.2;24.3;32.4;68.7;19.2;62.7;79.6;16.0;17.7;17.7;65.3;23.2;67.8;18.1;18.2;34.6;52.9;34.8;11.0;24.9;20.3;36.3;39.9
Am Forchenwald, 74348 Lauffen am Neckar;11.1;4.9;22.4;0.0;17.5;56.1;37.5;66.1;37.5;12.1;66.0;55.9;71.0;22.6;13.2;56.4;8.2;16.5;47.5;14.5;4.7;40.5;9.1;6.2;42.4;42.3;27.7;12.4;22.7;22.7;23.7;41.9;24.1;15.5;8.1;23.6;18.9;18.8;66.7;62.4;15.1;60.1;64.9;272.9;47.5;11.9;11.9;41.5;11.6;17.4;30.7;73.0;59.8;35.2;59.0;48.4;42.1;53.9;44.5;45.8;24.5;14.6;33.3;19.7;28.1;6.0;16.8;58.1;48.5;38.1;14.5;45.6;6.7;63.0;22.4;59.5;66.3;31.8;67.2;65.5;10.3;49.3;51.8;6.2;13.5;40.9;39.0;7.0;18.3;70.4;20.7;12.4;19.6;22.6;45.2;21.7;42.6;9.1;12.1;9.2;19.3;29.4;23.5;14.6;14.6;5.7;48.1;13.1;3.2;26.1;10.7;77.8;66.6;43.4;46.1;49.4;41.3;10.6;24.3;17.3;67.1;9.7;30.1;16.3;55.1;14.1;71.2;36.3;26.4;25.0;3.5;22.3;20.9;76.2;66.7;13.3;28.8;49.6;37.5;52.7;45.0;76.9;22.7;52.8;5.7;13.9;15.8;76.2;65.8;20.3;33.3;62.0;5.9;66.9;70.0;24.5;7.3;7.6;68.7;16.5;55.1;7.4;7.3;27.9;39.9;33.5;20.4;32.1;28.5;24.4;35.1
Am Schmalbach, 74246 Eberstadt;15.4;20.9;21.8;17.5;0.0;48.2;31.5;51.8;20.1;26.9;48.6;43.1;53.7;11.5;23.2;39.7;10.1;5.7;30.9;12.6;15.9;29.5;14.8;15.5;24.9;25.3;10.4;8.7;5.7;5.7;6.2;24.5;15.7;8.8;16.1;8.5;13.3;3.3;49.3;45.0;4.6;44.3;54.7;255.4;30.9;20.2;20.2;32.9;27.3;19.4;18.5;57.8;49.3;17.7;44.3;32.3;31.8;44.3;35.0;29.5;8.8;19.9;16.1;10.0;13.4;12.4;16.7;41.1;34.2;20.9;29.6;34.9;21.9;45.5;5.7;44.8;49.6;17.6;54.2;53.8;12.7;38.6;34.4;12.8;25.4;23.8;29.3;10.6;6.9;56.7;8.8;18.7;12.9;11.8;28.6;15.3;27.5;10.6;10.7;14.5;9.1;13.9;13.9;6.0;6.0;18.3;36.6;4.9;18.2;10.5;10.6;60.8;55.0;32.1;39.4;31.9;35.9;24.6;7.2;6.2;55.2;26.3;12.7;9.6;40.1;6.1;53.9;22.1;12.5;13.8;14.0;14.7;6.8;65.9;50.7;14.7;20.5;32.1;27.5;35.3;37.5;59.7;9.1;42.0;11.7;4.3;4.2;58.9;48.3;34.8;15.9;48.2;20.6;49.5;58.3;11.5;11.1;10.7;51.4;31.5;46.0;10.7;10.7;13.3;31.1;16.5;11.9;15.8;13.5;14.8;19.6
Am Schäufelfeld 20, 74426 Bühlerzell;45.0;60.9;69.9;56.1;48.2;0.0;18.7;27.8;47.8;68.1;54.9;17.7;53.3;58.6;68.0;38.4;54.3;43.8;36.3;60.4;58.4;19.5;60.2;49.9;46.1;39.5;48.6;55.9;49.3;49.3;46.2;46.8;63.0;56.8;60.7;40.2;61.5;50.8;55.6;49.4;45.7;33.3;11.7;243.7;36.3;65.6;65.6;15.3;67.3;67.0;30.0;36.1;9.4;47.1;27.3;33.8;17.0;6.5;13.4;34.6;40.5;66.5;50.1;57.9;36.1;55.4;64.5;41.9;24.6;41.2;70.4;14.8;62.8;54.5;50.0;27.2;43.4;32.5;22.3;16.6;45.9;12.3;46.3;56.3;69.1;40.6;18.9;53.3;41.9;27.2;56.2;64.8;61.0;58.9;36.7;63.2;29.4;48.0;44.7;46.9;57.0;37.0;61.1;53.8;53.8;60.8;15.3;47.9;53.8;39.2;57.0;52.3;16.9;17.7;10.2;47.0;15.4;66.7;44.1;54.3;18.5;65.1;43.5;41.4;27.9;45.5;54.4;29.5;56.9;60.2;54.4;34.8;41.4;21.4;38.0;61.8;28.1;47.5;20.8;45.0;11.1;56.2;39.1;10.7;53.2;51.4;45.4;56.6;58.1;76.2;44.1;23.1;61.9;53.0;19.6;57.2;55.0;54.8;51.7;72.3;4.2;54.4;54.3;36.1;17.1;40.5;59.8;53.8;55.7;33.7;33.8
Am Sportplatz 11, 74420 Oberrot-Zentrum;26.4;42.3;52.8;37.5;31.5;18.7;0.0;36.8;37.2;49.5;54.0;24.5;54.9;42.8;49.7;38.0;36.3;26.5;31.9;43.0;40.0;11.5;42.1;31.3;37.6;32.0;34.6;38.4;34.0;34.0;31.2;38.0;47.1;39.8;42.5;24.7;44.7;34.5;54.8;48.5;28.3;36.5;28.6;253.6;31.9;47.4;47.4;6.5;48.6;49.4;15.9;45.2;24.0;35.8;32.2;30.5;10.6;17.7;9.9;29.7;25.4;48.6;37.8;41.5;21.9;37.2;47.1;41.3;23.4;31.6;51.7;13.0;44.2;52.4;34.6;32.4;46.3;19.7;34.6;30.9;27.4;15.5;41.7;38.1;50.6;32.3;8.2;35.2;24.8;38.9;40.1;46.7;44.3;43.1;31.1;46.8;23.4;29.7;26.4;28.3;40.7;23.6;45.2;36.7;36.7;42.3;16.2;30.3;35.2;24.5;39.3;57.3;31.8;13.0;8.6;41.2;4.4;48.1;29.2;37.7;32.8;46.4;30.6;23.5;30.1;27.8;55.8;19.2;42.1;44.7;35.9;17.1;25.1;39.5;43.0;44.1;11.0;41.7;9.2;41.1;7.8;59.4;23.0;18.3;34.9;34.2;28.2;59.4;56.1;57.6;32.3;31.6;43.3;53.0;35.1;41.9;36.8;36.7;52.9;53.6;18.3;36.3;36.2;21.8;6.4;28.9;43.5;40.8;41.5;16.8;23.0
An den Sportanlagen 6, 74585 Rot am See;56.8;70.7;71.7;66.1;51.8;27.8;36.8;0.0;40.2;77.6;32.1;12.2;28.0;58.4;74.9;19.0;61.1;50.1;24.0;64.1;66.6;27.3;66.5;60.9;35.7;30.1;46.4;60.5;49.8;49.8;46.9;36.6;62.5;60.0;67.6;43.6;63.3;53.0;32.6;27.3;51.8;11.1;19.9;217.3;24.0;72.0;72.0;30.2;77.5;70.6;35.5;8.6;18.7;40.9;7.7;21.5;26.8;22.5;26.9;24.1;43.0;71.6;44.6;59.1;38.6;63.0;67.8;21.4;17.7;34.3;80.3;23.8;72.2;33.0;50.5;7.1;18.3;34.6;7.6;13.3;56.3;21.4;30.1;63.7;76.9;31.9;30.1;60.8;48.1;5.9;56.9;70.5;62.3;58.8;26.0;63.8;24.3;57.1;54.1;58.0;58.4;37.9;60.6;57.6;57.6;69.1;20.6;54.1;65.0;41.3;62.4;24.9;14.2;24.7;32.5;32.2;36.6;75.5;45.1;56.8;12.5;75.9;41.2;49.9;12.0;52.4;29.3;30.0;54.8;58.9;63.3;44.4;46.0;24.7;11.7;66.3;39.0;32.6;30.6;28.2;31.0;29.5;43.8;19.5;61.4;56.0;51.2;30.2;36.0;85.9;39.6;5.2;71.0;29.5;14.7;56.0;62.0;61.7;27.1;82.2;24.1;61.5;61.5;38.8;30.7;36.9;60.7;48.8;52.5;42.0;32.2
An der Jagstbrücke, 74214 Berlichingen;34.0;40.7;33.6;37.5;20.1;47.8;37.2;40.2;0.0;45.9;28.8;35.8;34.6;20.4;40.8;23.5;29.7;23.0;16.2;28.6;35.4;28.9;33.2;35.3;5.5;10.1;10.0;26.8;14.9;14.9;14.0;4.8;23.7;24.9;34.7;17.1;26.1;18.9;29.5;25.9;23.4;30.2;50.1;235.5;16.2;37.8;37.8;34.9;46.6;34.0;21.6;43.9;45.1;2.4;32.6;18.7;31.3;42.1;35.1;16.3;15.9;36.2;5.1;22.1;16.4;32.1;31.3;23.7;25.6;6.7;48.6;33.0;41.3;25.7;15.3;33.1;32.4;17.6;45.0;46.8;31.7;35.8;15.2;32.4;43.5;8.4;30.8;30.5;22.2;45.9;20.0;35.8;25.0;20.7;14.2;25.7;18.9;30.2;29.2;33.6;21.8;14.4;22.1;23.8;23.8;37.6;32.9;24.8;38.3;15.4;29.0;42.7;48.2;30.2;42.3;12.4;41.1;43.4;13.9;21.7;47.6;46.0;8.5;26.0;28.4;24.9;34.6;18.8;15.9;20.1;34.0;26.4;19.3;60.2;35.3;31.2;27.9;12.5;29.0;16.6;39.8;40.6;19.3;38.4;31.8;23.7;22.8;39.7;28.3;53.2;5.4;38.3;40.1;30.0;50.9;17.6;30.8;30.4;32.3;50.3;44.4;30.5;30.5;16.6;33.3;8.3;23.3;8.9;13.2;24.3;14.5
An der Weinsteige 1, 74363 Güglingen-Zentrum;23.1;7.2;20.6;12.1;26.9;68.1;49.5;77.6;45.9;0.0;74.7;67.7;80.3;27.4;7.2;66.7;16.9;27.6;57.8;18.0;11.1;52.5;12.7;18.2;51.2;52.2;36.0;19.1;31.1;31.1;32.9;50.6;27.0;21.2;11.2;34.4;22.0;27.1;75.4;71.6;25.9;71.0;77.0;281.1;57.8;9.3;9.3;53.6;2.0;16.0;42.4;84.2;71.8;43.7;70.4;59.1;54.2;66.0;56.6;56.4;35.1;12.4;41.1;24.8;39.2;14.8;17.4;68.0;59.9;47.8;2.7;57.6;5.5;71.5;30.6;70.9;76.5;43.1;79.1;77.5;22.4;61.4;60.9;14.2;4.7;50.6;51.0;16.9;29.6;82.1;26.6;11.3;23.1;27.2;55.5;24.1;53.7;20.8;24.1;21.2;24.8;40.2;27.2;22.1;22.1;8.7;60.1;23.7;14.4;36.8;16.9;87.7;78.7;55.4;58.1;58.2;53.3;2.5;34.1;24.2;79.1;4.3;39.5;28.1;66.3;25.2;80.4;47.7;32.1;29.2;14.4;34.3;31.8;88.3;77.5;15.5;40.8;58.4;49.6;62.0;57.1;86.3;33.8;64.8;16.3;22.7;26.5;85.5;74.0;8.3;42.5;73.6;6.6;75.9;82.1;30.0;15.9;16.2;78.0;4.6;67.2;16.3;16.4;38.9;52.0;43.4;24.5;39.0;34.7;36.3;46.0
Arkau 3, 97980 Bad Mergentheim;61.0;69.4;60.9;66.0;48.6;54.9;54.0;32.1;28.8;74.7;0.0;37.4;7.7;48.5;69.4;16.7;58.5;50.5;22.3;57.3;64.2;42.6;62.0;63.1;23.7;24.9;38.8;55.6;43.7;43.7;42.4;24.2;51.0;53.6;63.6;43.6;54.3;47.7;0.8;5.6;51.3;22.3;50.7;206.9;22.3;66.5;66.5;48.7;75.4;62.2;42.5;29.5;47.7;31.1;28.3;23.5;44.1;48.4;46.7;24.6;42.4;64.6;33.7;50.6;40.6;60.8;59.6;13.2;31.5;28.3;77.4;43.4;70.1;3.4;44.2;28.6;14.1;38.9;39.6;44.7;59.1;43.7;14.4;61.2;72.2;25.8;45.8;59.2;49.2;37.3;48.5;64.5;53.2;48.8;23.7;53.4;30.8;58.2;56.5;61.1;50.3;38.6;49.8;52.6;52.6;66.4;41.1;53.0;66.5;41.3;57.8;17.5;45.8;41.8;54.7;16.7;56.3;72.2;41.8;50.5;44.3;74.7;36.0;52.7;27.0;52.7;6.9;36.4;43.7;47.6;62.5;50.7;46.2;56.8;20.8;59.9;49.1;16.5;44.9;14.0;52.3;13.1;45.3;44.3;60.3;52.5;50.7;11.8;4.1;81.9;32.8;34.3;68.9;3.0;46.8;45.7;59.5;59.1;6.5;79.1;50.8;59.2;59.2;40.8;47.9;33.1;51.5;36.4;41.0;48.0;34.4
Aspacher Str., 74532 Ilshofen;46.0;60.7;64.2;55.9;43.1;17.7;24.5;12.2;35.8;67.7;37.4;0.0;35.5;51.4;65.7;21.1;51.7;40.5;21.2;55.8;56.9;15.8;57.4;50.3;32.6;26.1;39.8;51.8;42.2;42.2;39.2;33.4;55.7;51.8;58.3;34.7;55.6;44.9;38.1;31.9;42.3;15.5;14.7;229.5;21.2;62.9;62.9;18.0;67.4;62.5;25.4;20.8;10.5;35.9;9.6;18.4;14.9;11.5;14.6;20.1;34.4;63.0;39.4;51.5;29.7;53.4;59.7;24.5;10.2;29.2;70.3;11.7;62.2;37.2;42.9;9.5;25.7;25.5;11.3;11.1;45.8;9.2;30.4;54.2;67.5;27.6;18.2;51.2;38.4;14.8;49.5;61.6;54.8;51.8;22.4;56.6;17.2;46.9;43.8;47.3;50.8;29.6;53.8;49.1;49.1;59.4;8.5;44.7;54.5;32.7;53.5;35.1;12.4;13.0;20.5;31.6;24.4;65.8;37.1;48.7;12.2;65.6;34.4;39.7;10.5;42.7;36.6;21.1;48.5;52.4;53.3;33.7;36.8;24.4;20.5;57.8;27.8;32.1;19.0;28.8;18.9;38.6;34.5;7.7;51.6;47.2;41.9;39.0;40.8;76.0;33.7;7.1;61.1;35.4;15.4;49.3;52.6;52.3;34.0;72.3;13.6;52.0;52.0;29.9;18.6;30.4;53.4;43.5;46.6;31.5;24.4
August-Laukhuff-Str., 97990 Weikersheim-Zentrum;65.0;74.6;67.5;71.0;53.7;53.3;54.9;28.0;34.6;80.3;7.7;35.5;0.0;54.8;75.3;17.0;63.7;55.0;24.8;63.2;69.5;43.5;67.7;67.6;29.2;28.9;44.3;61.2;49.2;49.2;47.5;29.8;57.5;59.4;69.1;47.9;60.5;53.2;7.6;8.7;56.0;20.0;47.5;202.4;24.8;72.3;72.3;49.1;80.9;68.5;45.2;23.8;45.2;36.7;25.9;25.2;44.6;46.9;46.8;26.9;46.8;70.7;39.6;56.7;44.3;66.0;65.8;14.0;31.6;32.9;83.0;43.3;75.5;10.8;49.7;26.1;10.0;42.0;35.6;41.2;63.3;43.0;19.4;66.5;78.0;30.1;46.8;64.3;53.5;32.6;54.5;70.4;59.4;55.1;26.7;59.8;32.6;62.7;60.8;65.3;56.3;42.5;56.2;58.2;58.2;71.8;40.6;57.9;71.2;45.5;63.4;9.9;42.1;42.2;54.4;22.2;56.7;77.8;46.7;56.2;40.5;80.0;41.0;56.8;25.8;57.3;1.3;38.8;50.1;54.0;67.5;54.0;50.6;52.3;16.3;65.8;51.5;22.1;46.2;18.4;52.2;6.1;49.4;42.9;65.3;57.7;55.3;5.2;11.4;87.7;37.9;31.1;74.3;5.0;42.6;52.0;64.8;64.4;2.3;84.8;49.1;64.4;64.4;44.6;48.6;37.6;57.7;42.7;47.3;51.3;37.7
Austr., 74177 Bad Friedrichshall-Untergriesheim;25.3;23.9;13.4;22.6;11.5;58.6;42.8;58.4;20.4;27.4;48.5;51.4;54.8;0.0;21.2;43.5;14.7;17.2;35.3;9.4;18.8;39.4;15.2;23.6;25.9;29.0;12.0;10.2;9.4;9.4;12.5;25.2;4.5;7.1;16.8;18.4;5.8;8.3;49.1;46.1;15.8;49.5;64.1;253.9;35.3;18.4;18.4;43.5;28.5;13.7;28.6;63.3;58.7;18.7;50.7;37.4;41.8;54.2;45.3;34.6;18.1;16.2;15.3;2.9;22.6;16.6;11.1;44.0;41.7;24.5;29.9;44.6;23.8;45.2;8.7;51.3;52.7;26.6;62.0;62.4;22.4;48.2;35.6;16.4;24.1;27.3;39.7;16.2;18.4;63.8;2.8;16.3;4.7;0.4;33.0;5.4;34.5;19.6;21.1;23.7;3.3;22.1;2.5;8.7;8.7;20.2;45.9;14.9;24.7;19.5;11.9;63.1;63.7;41.7;50.3;32.7;47.2;24.9;14.6;6.3;63.6;28.6;17.3;21.0;46.4;17.0;54.6;30.6;4.8;2.6;19.4;26.2;17.7;75.1;55.2;11.9;31.7;32.7;37.8;36.9;48.3;60.8;19.8;51.4;17.7;10.9;15.6;59.8;47.3;33.8;19.0;55.6;22.8;50.1;66.8;2.8;15.4;15.1;52.6;31.4;56.1;15.4;15.5;22.5;41.7;21.5;3.0;12.1;7.6;26.0;27.0
Austr., 74193 Schwaigern-Stetten;23.9;9.5;13.3;13.2;23.2;68.0;49.7;74.9;40.8;7.2;69.4;65.7;75.3;21.2;0.0;62.6;14.1;25.3;53.8;12.2;9.6;51.1;8.4;19.1;46.2;47.9;31.1;14.6;26.5;26.5;28.7;45.5;20.2;15.9;7.5;31.3;15.5;22.6;70.0;66.7;23.4;67.5;76.1;275.2;53.8;3.0;3.0;53.0;9.0;8.8;40.4;81.0;70.8;38.7;67.4;55.4;53.0;65.2;55.7;52.6;31.9;5.3;35.8;18.9;36.3;12.6;10.6;63.6;57.3;43.4;9.2;56.4;7.7;66.2;25.9;67.9;72.2;40.4;77.0;76.0;22.3;60.1;56.0;11.8;2.9;46.3;50.1;14.8;27.3;79.7;20.9;5.0;16.7;21.0;51.5;17.4;50.7;20.0;23.3;21.8;19.1;37.0;20.7;17.6;17.6;7.6;58.5;21.1;16.3;33.6;12.6;83.2;77.2;53.9;58.2;53.2;53.7;5.3;30.2;19.2;77.5;10.5;35.2;26.8;63.3;23.1;75.3;45.0;26.0;22.8;13.8;33.3;29.0;87.4;73.8;9.6;40.0;53.3;48.4;57.2;56.9;81.4;31.3;63.6;14.8;18.9;23.9;80.5;68.4;12.5;37.9;71.2;7.8;70.8;80.5;24.0;13.3;13.5;73.1;10.4;66.6;13.8;13.9;36.1;51.3;39.3;18.3;33.2;28.7;34.9;42.8
Bachgasse 94, 74673 Mulfingen-Zentrum;49.2;60.4;56.8;56.4;39.7;38.4;38.0;19.0;23.5;66.7;16.7;21.1;17.0;43.5;62.6;0.0;49.8;39.9;8.9;50.8;55.6;26.6;54.4;52.3;18.2;14.6;31.8;48.0;36.1;36.1;33.9;19.1;47.0;46.8;55.7;32.8;49.0;40.0;17.4;11.1;41.2;7.9;35.2;218.5;8.9;59.5;59.5;32.4;67.0;56.8;28.6;20.7;31.6;24.9;13.0;8.4;27.8;31.9;30.2;10.6;31.8;58.4;28.5;44.8;28.6;52.0;53.9;3.5;15.0;19.2;69.4;26.8;61.5;16.1;36.8;13.4;10.0;25.8;25.7;29.8;47.9;27.1;11.1;52.5;65.0;16.4;29.8;50.0;38.2;24.9;42.6;57.7;47.9;43.8;11.2;48.9;15.7;47.7;45.4;49.8;44.3;27.0;45.4;44.9;44.9;58.0;24.4;43.3;56.1;30.3;50.1;21.6;31.0;25.4;38.1;13.5;40.0;64.3;32.6;43.5;29.8;65.8;27.3;41.2;10.6;42.3;17.8;22.2;39.2;43.4;53.1;37.7;35.5;42.8;11.8;53.3;34.6;13.8;29.1;9.2;35.7;22.0;33.9;27.7;50.9;44.0;40.6;21.7;19.7;74.5;24.8;19.4;60.3;15.2;32.7;40.8;50.8;50.4;14.9;71.2;34.2;50.4;50.3;28.9;31.7;23.3;46.2;32.4;36.7;34.9;21.7
Badstr. 100, 74072 Heilbronn-Zentrum;12.5;10.9;17.8;8.2;10.1;54.3;36.3;61.1;29.7;16.9;58.5;51.7;63.7;14.7;14.1;49.8;0.0;11.2;40.9;8.1;5.9;37.0;5.9;9.4;34.8;35.3;19.8;4.6;14.8;14.8;16.2;34.3;16.8;7.6;6.6;17.6;11.9;10.9;59.1;55.1;9.3;54.1;62.1;265.2;40.9;11.4;11.4;39.2;17.2;13.5;26.3;67.4;56.8;27.5;53.7;42.1;39.0;51.2;41.8;39.5;18.3;12.3;25.3;11.8;22.4;2.3;11.7;51.2;43.4;31.0;19.6;42.3;11.8;55.4;14.5;54.2;59.6;26.5;62.9;61.9;10.0;46.1;44.4;2.8;15.9;33.8;36.1;1.7;13.2;65.7;12.6;10.5;12.4;14.7;38.6;14.8;37.0;7.1;10.1;10.5;11.3;23.4;15.9;6.5;6.5;8.2;44.4;7.0;10.0;19.9;3.7;70.9;63.1;39.8;44.8;41.8;40.5;14.6;17.2;9.1;63.4;16.3;22.8;12.9;49.6;9.0;63.9;31.1;18.3;17.2;4.8;19.5;15.1;73.4;60.6;8.3;26.2;42.0;34.4;45.4;43.3;69.7;17.3;49.5;3.1;6.0;9.9;68.9;58.0;25.0;25.9;57.2;10.6;59.5;66.4;16.4;1.1;0.7;61.4;21.5;52.8;0.8;0.8;22.3;37.5;26.5;12.8;24.0;20.4;20.9;29.2
Bahnhoffußweg 21, 74182 Obersulm-Willsbach;11.0;20.8;26.4;16.5;5.7;43.8;26.5;50.1;23.0;27.6;50.5;40.5;55.0;17.2;25.3;39.9;11.2;0.0;31.0;16.6;16.5;25.9;17.0;12.6;27.1;26.1;14.3;12.1;10.5;10.5;9.5;26.9;21.2;13.4;17.8;7.1;18.3;9.0;51.2;46.5;1.9;43.6;51.1;257.2;31.0;22.5;22.5;28.5;27.6;23.3;15.2;56.7;45.7;20.7;42.8;31.9;27.9;40.3;30.9;29.4;8.2;23.0;19.9;15.5;11.6;13.0;20.8;41.8;32.3;22.2;30.2;31.3;22.2;47.6;10.8;43.3;49.9;15.5;51.7;50.7;8.7;35.0;36.1;13.7;27.1;24.9;25.2;10.8;2.0;54.6;14.4;21.4;18.0;17.5;28.8;20.5;26.2;7.8;6.2;10.6;14.6;12.9;19.5;10.3;10.3;19.0;33.3;4.2;16.2;9.6;13.4;61.4;51.9;28.7;34.6;33.9;30.8;25.5;9.1;11.5;52.2;26.1;14.7;3.9;38.8;2.4;55.3;20.1;18.1;19.5;13.3;9.3;4.4;62.3;50.3;18.1;15.7;34.2;23.4;36.8;32.9;60.8;6.3;38.4;11.3;7.7;1.7;60.2;50.7;35.8;18.0;46.1;21.0;51.1;55.3;17.2;12.1;11.8;52.6;32.2;41.9;11.6;11.5;11.4;26.7;17.5;17.3;20.5;18.8;10.1;18.6
Ballenwasen 4, 74653 Künzelsau-Gaisbach;40.5;51.5;48.7;47.5;30.9;36.3;31.9;24.0;16.2;57.8;22.3;21.2;24.8;35.3;53.8;8.9;40.9;31.0;0.0;42.2;46.7;20.8;45.6;43.4;11.8;6.3;23.5;39.3;27.5;27.5;25.1;12.8;39.1;38.1;46.9;23.9;40.6;31.3;23.1;17.2;32.3;14.2;35.9;227.0;0.0;50.8;50.8;27.1;58.1;48.3;20.4;28.0;31.4;17.1;16.4;2.8;22.6;29.9;25.7;2.2;22.9;49.8;20.9;36.4;19.8;43.1;45.5;11.0;11.8;10.8;60.5;22.6;52.6;20.5;28.2;17.0;18.9;17.2;29.2;31.7;39.0;24.1;10.2;43.6;56.2;8.1;23.8;41.1;29.3;29.7;34.2;49.1;39.6;35.7;2.3;40.8;8.5;38.8;36.5;41.0;35.9;18.2;37.4;36.2;36.2;49.1;21.2;34.4;47.2;21.4;41.3;30.4;33.0;20.5;33.7;10.7;34.6;55.4;23.7;34.8;32.2;56.9;18.7;32.3;12.4;33.4;25.4;14.1;31.3;35.5;44.1;29.2;26.6;45.1;20.0;44.6;26.8;11.2;22.7;9.3;31.2;30.3;25.1;25.8;42.0;35.2;31.7;29.9;24.2;65.7;16.4;22.4;51.4;21.9;35.4;32.8;41.9;41.6;22.5;62.4;32.4;41.5;41.5;20.1;26.1;14.5;37.9;25.0;28.9;26.4;12.9
Bibersteige 19, 74078 Heilbronn-Biberach;20.6;14.9;10.0;14.5;12.6;60.4;43.0;64.1;28.6;18.0;57.3;55.8;63.2;9.4;12.2;50.8;8.1;16.6;42.2;0.0;10.1;42.1;6.0;17.4;34.1;36.1;19.1;4.6;14.7;14.7;17.2;33.4;9.8;4.1;7.5;21.1;4.5;11.1;57.9;54.5;14.7;56.1;67.3;263.2;42.2;9.2;9.2;45.1;19.2;6.8;31.1;69.8;61.9;26.6;56.5;43.9;44.2;56.7;47.4;41.1;21.4;7.7;23.6;6.8;26.0;9.1;4.2;51.7;46.7;31.6;20.6;47.5;14.6;54.0;14.0;57.0;60.3;30.2;66.8;66.4;18.0;51.2;43.8;8.5;14.9;34.4;41.7;9.8;18.5;69.1;8.7;7.2;5.3;9.2;39.8;7.2;39.8;15.0;17.6;18.6;6.9;26.3;9.5;6.7;6.7;11.1;49.2;12.7;17.2;23.0;4.4;71.2;67.7;44.7;51.2;41.1;47.3;15.5;19.0;7.4;67.8;19.3;23.5;19.5;52.3;15.1;63.2;34.7;14.1;11.3;12.1;25.9;19.3;78.5;62.2;2.6;32.3;41.1;39.9;45.1;49.5;69.3;21.6;54.6;11.0;9.0;14.9;68.3;56.3;24.7;26.0;60.7;13.6;58.6;70.9;12.0;8.3;8.1;61.0;22.1;58.4;8.6;8.7;25.9;43.3;27.7;6.6;21.1;16.7;26.7;31.9
Breibachweg, 74226 Nordheim-Zentrum;14.3;5.3;17.7;4.7;15.9;58.4;40.0;66.6;35.4;11.1;64.2;56.9;69.5;18.8;9.6;55.6;5.9;16.5;46.7;10.1;0.0;41.9;4.4;9.7;40.5;41.2;25.5;9.0;20.5;20.5;22.0;40.1;19.9;11.8;3.4;23.2;14.6;16.5;64.9;60.9;14.8;59.8;66.8;270.9;46.7;7.7;7.7;43.5;11.4;12.7;31.5;73.1;61.5;33.2;59.3;47.9;43.7;55.8;46.3;45.3;24.0;10.0;30.9;15.9;28.0;3.6;12.1;57.0;48.9;36.8;13.8;47.2;5.9;61.1;20.1;59.8;65.5;32.0;68.2;66.9;12.7;50.9;50.2;3.1;10.8;39.7;40.7;5.7;18.6;71.1;17.2;7.9;15.4;18.7;44.4;17.3;42.6;10.4;13.8;12.2;15.7;29.1;19.4;11.7;11.7;2.5;49.4;12.5;7.8;25.6;7.0;76.8;68.1;44.7;48.6;47.6;44.1;8.9;23.1;14.2;68.5;10.5;28.6;17.4;55.2;14.2;69.7;36.6;23.0;21.1;4.2;23.9;20.7;78.0;66.4;8.6;30.6;47.8;39.1;51.2;47.4;75.5;22.8;54.4;5.4;11.8;15.4;74.7;63.7;19.3;31.7;62.7;4.7;65.3;71.5;21.0;4.8;5.2;67.2;15.7;57.2;5.2;5.3;27.8;41.9;32.4;16.4;29.3;25.3;25.7;34.9
Breiteichstr. 49, 74523 Schwäbisch Hall;30.3;45.3;51.3;40.5;29.5;19.5;11.5;27.3;28.9;52.5;42.6;15.8;43.5;39.4;51.1;26.6;37.0;25.9;20.8;42.1;41.9;0.0;42.9;34.8;28.0;21.8;29.1;37.8;30.0;30.0;26.9;28.7;43.8;38.3;43.6;21.2;42.7;31.9;43.4;37.1;27.8;25.4;25.2;242.9;20.8;48.4;48.4;6.4;52.1;48.8;11.0;35.4;19.8;28.0;21.6;19.2;2.5;14.8;6.2;18.6;21.4;48.8;30.7;38.9;16.8;38.5;46.2;29.8;12.1;22.6;55.0;5.4;47.0;41.2;30.7;21.9;34.9;13.0;26.9;25.0;30.3;9.1;30.9;39.3;52.6;22.5;3.3;36.4;23.9;30.6;37.1;47.3;42.1;39.7;20.2;44.2;12.4;31.7;28.4;31.8;38.1;17.5;41.9;35.4;35.4;44.4;7.6;30.1;38.9;19.9;39.2;46.1;26.2;2.9;13.5;30.7;13.8;50.7;24.8;35.6;26.6;50.1;24.0;24.5;19.1;28.0;44.3;10.2;37.5;40.9;38.1;18.2;22.8;36.5;32.1;43.8;12.0;31.1;3.3;30.1;11.0;48.1;20.4;12.6;36.5;33.2;27.4;48.0;44.9;60.8;24.8;22.5;45.9;41.6;29.6;37.9;37.8;37.6;41.4;57.0;16.7;37.3;37.2;16.9;5.3;21.2;40.8;34.4;36.2;16.2;14.5
Breitwiesen 1 (an der B 293), 74211 Leingarten-Schluchtern;17.4;8.9;13.4;9.1;14.8;60.2;42.1;66.5;33.2;12.7;62.0;57.4;67.7;15.2;8.4;54.4;5.9;17.0;45.6;6.0;4.4;42.9;0.0;13.3;38.5;39.8;23.4;6.5;18.5;18.5;20.5;38.0;15.7;8.6;1.6;22.9;10.4;14.6;62.7;59.0;15.1;59.2;68.0;268.4;45.6;5.5;5.5;45.1;13.6;8.6;32.1;72.7;62.6;31.1;59.0;47.1;44.8;57.1;47.7;44.4;23.5;6.6;28.4;12.4;27.9;5.1;7.7;55.6;48.9;35.4;15.4;48.2;8.7;58.8;18.0;59.6;64.2;32.0;68.6;67.7;15.3;51.9;48.3;4.3;10.6;38.2;42.0;6.9;19.0;71.3;14.0;4.6;11.3;15.0;43.3;13.1;42.3;12.6;15.8;15.3;12.3;28.6;15.4;9.5;9.5;5.1;50.3;12.7;12.1;25.2;4.3;75.3;68.9;45.6;50.6;45.6;46.3;10.2;21.9;11.5;69.2;13.4;27.1;18.8;54.9;14.9;67.7;36.6;19.7;17.3;7.5;25.4;20.6;79.3;65.5;4.2;32.1;45.7;40.3;49.4;49.2;73.7;22.9;55.4;7.6;10.6;15.5;72.9;61.3;20.1;30.0;62.8;7.6;63.3;72.2;17.6;5.3;5.4;65.4;17.1;58.7;5.8;5.9;27.7;43.4;31.1;12.5;26.3;22.2;26.8;34.4
Brückenstr. 28, 74360 Ilsfeld;4.9;11.0;26.6;6.2;15.5;49.9;31.3;60.9;35.3;18.2;63.1;50.3;67.6;23.6;19.1;52.3;9.4;12.6;43.4;17.4;9.7;34.8;13.3;0.0;39.7;38.7;25.9;13.9;21.2;21.2;21.3;39.4;26.2;16.9;12.9;19.7;21.3;17.8;63.8;59.1;11.9;55.4;58.9;269.9;43.4;17.4;17.4;35.4;17.5;21.9;25.5;68.1;53.8;32.9;54.0;44.1;36.3;47.8;38.5;41.7;20.8;19.7;31.6;20.9;23.7;8.5;20.6;54.3;43.4;34.8;20.5;39.8;12.9;60.2;21.1;54.4;62.3;27.0;61.6;59.7;4.6;43.4;48.8;9.2;19.6;37.5;33.1;7.7;14.1;64.9;21.2;17.5;21.8;23.7;41.3;24.2;37.9;5.0;7.0;3.0;20.3;25.3;25.1;14.9;14.9;11.6;42.4;10.6;4.2;22.1;13.0;73.8;60.8;37.6;39.9;46.5;35.1;16.9;21.5;17.5;61.4;15.4;27.2;11.2;50.2;10.5;67.9;31.4;26.6;26.2;5.8;16.6;17.0;70.1;62.2;17.0;22.9;46.8;31.7;49.4;38.8;73.4;18.4;46.9;6.4;13.2;12.5;72.8;63.2;26.4;30.5;56.6;12.1;63.7;64.2;25.0;9.1;9.3;65.2;22.5;49.0;8.8;8.7;23.4;33.9;30.1;22.1;31.2;28.3;19.0;30.7
Brückenstr., 74214 Schöntal-Westernhausen;37.9;45.7;39.0;42.4;24.9;46.1;37.6;35.7;5.5;51.2;23.7;32.6;29.2;25.9;46.2;18.2;34.8;27.1;11.8;34.1;40.5;28.0;38.5;39.7;0.0;6.6;15.2;32.1;20.1;20.1;18.7;0.9;29.1;30.3;40.0;20.6;31.6;24.1;24.4;20.5;27.8;25.3;47.2;230.5;11.8;43.1;43.1;34.3;51.8;39.5;22.7;38.9;42.4;7.5;28.2;14.6;30.3;40.0;34.0;12.5;19.4;41.6;10.6;27.6;18.7;37.1;36.8;18.2;22.6;6.1;53.9;31.5;46.4;20.7;20.5;28.8;26.9;18.6;41.0;43.3;35.8;33.8;9.8;37.5;48.8;5.6;30.4;35.4;26.0;41.5;25.4;41.2;30.5;26.2;10.2;31.2;16.6;34.7;33.3;37.8;27.2;16.5;27.6;29.0;29.0;42.7;30.9;29.4;42.9;18.5;34.3;37.2;44.7;28.8;41.6;7.1;41.1;48.7;18.2;27.1;44.0;51.0;12.5;29.7;24.2;29.2;29.2;18.4;21.4;25.5;38.8;29.0;23.1;56.8;30.1;36.6;29.4;7.2;28.8;11.1;39.1;35.2;22.6;36.1;36.6;28.8;27.2;34.3;23.6;58.5;9.1;34.3;45.2;24.7;47.2;23.1;35.8;35.4;26.9;55.6;42.4;35.5;35.5;18.9;32.9;10.3;28.8;14.3;18.7;26.6;14.6
Brückenwiesenweg, 74676 Niedernhall;36.2;46.1;42.4;42.3;25.3;39.5;32.0;30.1;10.1;52.2;24.9;26.1;28.9;29.0;47.9;14.6;35.3;26.1;6.3;36.1;41.2;21.8;39.8;38.7;6.6;0.0;17.2;33.4;21.5;21.5;19.3;7.5;32.8;32.1;41.2;19.1;34.4;25.3;25.6;20.5;27.2;20.5;40.6;231.2;6.3;44.9;44.9;28.2;52.6;42.2;18.1;34.3;35.7;10.8;22.5;8.7;24.0;33.4;27.6;6.2;17.9;43.8;14.6;30.2;15.7;37.6;39.3;15.8;16.0;4.6;54.9;25.0;47.1;22.4;22.1;23.1;24.3;14.3;34.9;36.9;34.5;27.2;10.7;38.1;50.4;1.8;24.4;35.7;24.6;35.8;28.0;43.1;33.4;29.4;4.2;34.5;10.0;33.9;31.9;36.5;29.7;13.7;31.1;30.3;30.3;43.5;24.2;29.1;42.3;16.6;35.5;35.6;38.3;22.4;35.3;9.4;35.3;49.8;18.1;28.8;37.7;51.5;12.7;28.0;18.3;28.4;29.2;12.8;25.0;29.2;38.9;25.8;21.7;50.4;26.1;38.6;24.9;9.9;22.9;10.9;32.8;34.7;20.6;29.4;36.7;29.5;26.6;34.0;25.8;60.0;10.2;28.2;45.9;25.1;40.9;26.5;36.4;36.0;26.5;56.7;35.8;36.0;36.0;16.0;26.8;8.8;31.7;18.7;22.6;23.2;9.8
Buchsmühle 1, 74239 Hardthausen;25.2;30.7;25.3;27.7;10.4;48.6;34.6;46.4;10.0;36.0;38.8;39.8;44.3;12.0;31.1;31.8;19.8;14.3;23.5;19.1;25.5;29.1;23.4;25.9;15.2;17.2;0.0;16.9;5.0;5.0;4.9;14.6;16.0;15.1;24.8;10.5;17.2;9.0;39.4;35.6;14.3;37.6;53.0;245.4;23.5;28.0;28.0;34.0;36.7;24.9;19.1;51.4;47.7;7.7;38.8;25.4;31.5;43.6;35.2;22.7;9.5;26.7;5.7;13.0;12.8;22.2;22.1;32.6;29.9;12.7;38.7;34.1;31.4;35.6;5.4;39.3;41.3;16.1;50.2;50.9;22.7;37.4;24.9;22.5;33.7;15.5;30.0;20.6;14.1;51.8;10.7;26.2;16.1;12.3;21.1;17.4;22.7;20.9;20.4;24.6;12.5;11.6;14.2;13.9;13.9;27.6;34.9;15.3;28.6;10.1;19.1;52.1;52.2;31.1;41.3;22.2;38.9;33.5;6.0;11.9;52.0;36.0;5.4;17.9;34.5;15.8;44.4;19.5;8.7;12.6;24.1;20.2;11.6;63.8;43.4;21.6;24.0;22.4;28.1;26.1;39.0;50.4;12.7;40.5;21.9;13.8;13.7;49.5;38.2;43.4;7.1;43.7;30.2;39.9;55.2;9.6;20.9;20.5;42.1;40.4;45.7;20.6;20.6;12.9;32.3;9.6;14.5;6.5;7.2;18.9;15.5
Böllinger Str. 40, 74078 Heilbronn-Neckargartach;16.4;14.3;14.5;12.4;8.7;55.9;38.4;60.5;26.8;19.1;55.6;51.8;61.2;10.2;14.6;48.0;4.6;12.1;39.3;4.6;9.0;37.8;6.5;13.9;32.1;33.4;16.9;0.0;12.1;12.1;14.1;31.5;12.3;3.1;7.9;17.1;7.6;8.1;56.3;52.5;10.2;52.9;63.0;262.1;39.3;11.6;11.6;40.6;19.8;11.1;26.9;66.5;57.6;24.6;53.0;40.8;39.9;52.4;43.0;38.0;17.5;11.2;22.1;7.3;22.1;6.4;8.7;49.2;43.0;28.9;21.8;43.2;14.6;52.5;11.6;53.5;57.8;26.3;62.9;62.3;13.8;46.9;41.8;6.3;17.0;31.8;37.3;6.2;14.0;65.4;8.3;9.9;7.9;10.2;36.9;10.4;36.2;10.8;13.2;14.6;6.9;22.6;11.3;3.1;3.1;10.8;45.0;8.1;14.5;19.2;2.2;68.8;63.6;40.5;46.7;39.2;42.7;16.6;15.6;5.2;63.7;19.3;20.7;14.9;48.8;10.6;61.3;30.9;14.1;12.6;9.3;21.3;15.1;74.3;59.2;6.0;27.8;39.3;35.5;42.9;45.0;67.3;17.4;50.3;7.7;4.6;10.5;66.4;55.0;26.6;23.5;57.0;13.5;56.8;66.9;12.1;5.2;4.9;58.9;23.5;54.0;5.3;5.4;21.9;38.9;24.7;8.2;20.3;16.3;22.2;28.3
Cleversulzbacher Str. 89, 74196 Neuenstadt am Kocher;21.0;25.7;22.0;22.7;5.7;49.3;34.0;49.8;14.9;31.1;43.7;42.2;49.2;9.4;26.5;36.1;14.8;10.5;27.5;14.7;20.5;30.0;18.5;21.2;20.1;21.5;5.0;12.1;0.0;0.0;3.1;19.5;13.8;10.6;20.0;9.3;13.5;4.0;44.4;40.5;10.0;41.4;54.8;250.4;27.5;23.4;23.4;34.3;31.7;20.9;19.3;55.2;49.4;12.7;42.1;29.3;32.4;44.8;35.9;26.5;8.8;22.3;10.6;9.4;13.2;17.2;18.1;37.2;32.7;17.0;33.8;35.3;26.4;40.6;0.7;42.7;45.8;17.2;53.0;53.1;18.3;38.8;29.8;17.5;29.0;19.8;30.4;15.7;10.9;55.0;7.3;21.6;12.6;9.7;25.2;14.4;25.6;16.3;16.2;20.1;8.6;12.8;11.8;9.0;9.0;22.7;36.5;10.6;23.7;10.1;14.2;56.8;54.5;32.4;41.3;27.1;38.4;28.7;5.2;7.3;54.4;31.0;8.9;14.4;37.8;11.6;49.3;21.3;8.2;10.9;19.2;18.1;9.2;65.8;47.5;17.1;23.0;27.3;28.5;30.9;39.2;55.2;11.0;42.1;17.0;8.8;9.5;54.4;43.2;38.6;11.5;46.7;25.2;44.8;57.6;8.0;15.9;15.5;46.9;35.6;46.8;15.6;15.6;13.2;32.5;13.1;11.1;10.2;8.3;17.4;17.9
Cleversulzbacher Str. 89, 74196 Neuenstadt am Kocher-Zentrum;21.0;25.7;22.0;22.7;5.7;49.3;34.0;49.8;14.9;31.1;43.7;42.2;49.2;9.4;26.5;36.1;14.8;10.5;27.5;14.7;20.5;30.0;18.5;21.2;20.1;21.5;5.0;12.1;0.0;0.0;3.1;19.5;13.8;10.6;20.0;9.3;13.5;4.0;44.4;40.5;10.0;41.4;54.8;250.4;27.5;23.4;23.4;34.3;31.7;20.9;19.3;55.2;49.4;12.7;42.1;29.3;32.4;44.8;35.9;26.5;8.8;22.3;10.6;9.4;13.2;17.2;18.1;37.2;32.7;17.0;33.8;35.3;26.4;40.6;0.7;42.7;45.8;17.2;53.0;53.1;18.3;38.8;29.8;17.5;29.0;19.8;30.4;15.7;10.9;55.0;7.3;21.6;12.6;9.7;25.2;14.4;25.6;16.3;16.2;20.1;8.6;12.8;11.8;9.0;9.0;22.7;36.5;10.6;23.7;10.1;14.2;56.8;54.5;32.4;41.3;27.1;38.4;28.7;5.2;7.3;54.4;31.0;8.9;14.4;37.8;11.6;49.3;21.3;8.2;10.9;19.2;18.1;9.2;65.8;47.5;17.1;23.0;27.3;28.5;30.9;39.2;55.2;11.0;42.1;17.0;8.8;9.5;54.4;43.2;38.6;11.5;46.7;25.2;44.8;57.6;8.0;15.9;15.5;46.9;35.6;46.8;15.6;15.6;13.2;32.5;13.1;11.1;10.2;8.3;17.4;17.9
Cleversulzbacher Str., 74243 Langenbrettach-Brettach;20.4;27.1;25.1;23.7;6.2;46.2;31.2;46.9;14.0;32.9;42.4;39.2;47.5;12.5;28.7;33.9;16.2;9.5;25.1;17.2;22.0;26.9;20.5;21.3;18.7;19.3;4.9;14.1;3.1;3.1;0.0;18.3;16.9;13.2;21.9;6.5;16.5;6.2;43.1;38.9;9.6;38.9;51.7;249.2;25.1;25.7;25.7;31.3;33.4;23.7;16.2;52.5;46.3;11.6;39.3;26.7;29.3;41.7;32.9;24.0;5.8;24.8;10.5;12.4;10.1;18.5;20.9;35.1;29.7;14.9;35.6;32.2;28.0;39.4;3.8;39.8;43.7;14.1;50.0;50.1;17.9;35.7;28.2;18.9;31.1;17.7;27.4;16.8;9.3;52.1;10.3;23.9;15.6;12.8;22.8;17.5;22.7;16.3;15.6;19.8;11.6;9.7;15.0;11.1;11.1;24.3;33.4;10.8;24.3;7.0;16.2;54.8;51.4;29.3;38.3;25.7;35.5;30.5;2.1;9.9;51.3;32.5;6.6;13.1;35.1;11.1;47.7;18.2;10.9;14.0;20.2;15.8;7.0;62.7;45.1;19.6;20.2;25.9;25.4;29.2;36.2;53.5;8.4;39.0;17.9;10.2;8.9;52.7;42.2;40.7;9.7;43.7;26.8;43.3;54.5;11.0;17.3;16.9;45.2;37.5;43.7;16.9;16.9;10.1;29.5;10.6;14.2;11.2;10.5;14.8;14.9
DJK Bieringen, 74214 Schöntal-Bieringen;37.7;45.2;38.2;41.9;24.5;46.8;38.0;36.6;4.8;50.6;24.2;33.4;29.8;25.2;45.5;19.1;34.3;26.9;12.8;33.4;40.1;28.7;38.0;39.4;0.9;7.5;14.6;31.5;19.5;19.5;18.3;0.0;28.3;29.6;39.4;20.5;30.9;23.6;24.8;21.1;27.5;26.2;48.0;231.0;12.8;42.5;42.5;34.9;51.3;38.8;23.0;39.8;43.2;6.9;29.2;15.5;31.0;40.8;34.6;13.3;19.2;40.9;9.9;26.9;18.8;36.6;36.1;19.1;23.4;6.5;53.3;32.2;45.9;21.1;20.0;29.7;27.7;18.9;41.9;44.2;35.6;34.6;10.4;37.0;48.2;6.3;31.0;35.0;25.9;42.4;24.8;40.6;29.8;25.5;11.1;30.4;17.4;34.4;33.1;37.5;26.6;16.6;26.8;28.5;28.5;42.2;31.6;29.0;42.5;18.4;33.7;37.9;45.6;29.5;42.2;7.7;41.7;48.1;17.9;26.5;44.9;50.5;12.2;29.6;25.1;28.9;29.8;18.9;20.6;24.7;38.4;29.1;22.9;57.7;30.9;36.0;29.7;7.8;29.3;11.8;39.7;35.9;22.5;36.9;36.2;28.3;26.9;34.9;23.9;57.9;8.9;35.2;44.7;25.3;48.1;22.4;35.4;35.0;27.5;55.0;43.2;35.0;35.0;19.0;33.4;10.4;28.0;13.5;17.9;26.8;15.1
Danziger Str., 74831 Gundelsheim-Zentrum;28.4;24.6;10.0;24.1;15.7;63.0;47.1;62.5;23.7;27.0;51.0;55.7;57.5;4.5;20.2;47.0;16.8;21.2;39.1;9.8;19.9;43.8;15.7;26.2;29.1;32.8;16.0;12.3;13.8;13.8;16.9;28.3;0.0;9.3;17.2;22.8;5.3;12.6;51.5;49.0;19.7;53.3;68.5;255.4;39.1;17.7;17.7;48.0;28.3;11.7;33.0;67.1;63.2;22.2;54.8;41.3;46.2;58.6;49.7;38.5;22.5;14.9;18.6;5.8;27.0;18.4;9.6;47.3;45.9;28.3;29.3;49.1;24.2;47.6;13.1;55.3;56.0;31.0;66.2;66.7;25.6;52.6;38.6;18.0;23.1;31.0;44.1;18.5;22.5;67.9;7.0;15.6;4.5;4.1;36.9;2.8;38.8;22.7;24.5;26.7;6.7;26.5;2.0;11.8;11.8;20.8;50.3;18.5;26.6;23.9;13.5;66.1;68.0;46.2;54.7;35.7;51.5;24.5;19.0;9.9;67.9;28.8;21.4;24.9;50.5;20.7;57.3;35.0;7.8;3.6;21.4;30.4;22.0;79.5;58.8;11.8;36.1;35.6;42.2;40.1;52.8;63.5;24.2;55.9;19.9;14.3;19.6;62.5;49.4;32.5;22.9;59.7;23.3;52.7;71.1;6.4;17.4;17.1;55.4;30.6;60.6;17.5;17.6;27.0;46.1;25.6;4.2;14.9;10.4;30.3;31.3
Eberwinstr. 26, 74172 Neckarsulm-Obereisesheim;19.1;17.0;13.1;15.5;8.8;56.8;39.8;60.0;24.9;21.2;53.6;51.8;59.4;7.1;15.9;46.8;7.6;13.4;38.1;4.1;11.8;38.3;8.6;16.9;30.3;32.1;15.1;3.1;10.6;10.6;13.2;29.6;9.3;0.0;10.1;17.2;5.1;7.0;54.3;50.7;11.5;52.0;63.5;259.8;38.1;12.9;12.9;41.6;22.1;10.7;27.3;65.7;58.1;22.8;52.4;39.8;40.5;53.0;43.8;37.1;17.4;11.7;20.0;4.2;22.1;9.5;7.9;47.7;42.6;27.6;23.8;43.7;17.1;50.4;10.0;53.0;56.4;26.3;62.8;62.5;16.4;47.4;40.0;9.3;18.6;30.4;38.0;9.2;15.1;65.1;5.5;11.0;5.1;7.1;35.8;7.7;35.8;13.4;15.5;17.4;3.9;22.3;8.2;3.1;3.1;13.4;45.4;9.8;17.6;19.1;4.8;67.3;63.8;40.9;47.9;37.3;44.2;18.7;14.9;3.3;63.9;21.9;19.5;16.6;48.2;12.2;59.4;30.8;11.2;9.6;12.4;22.7;15.5;74.7;58.1;6.5;29.0;37.4;36.2;41.2;46.1;65.5;17.9;50.8;10.7;5.7;11.6;64.6;52.8;28.3;22.0;56.7;16.0;54.9;67.0;9.2;8.3;8.0;57.2;25.5;54.8;8.4;8.4;22.0;39.8;23.7;5.2;17.8;13.6;23.3;27.9
Egarten, 74211 Leingarten-Großgartach;17.3;7.3;14.3;8.1;16.1;60.7;42.5;67.6;34.7;11.2;63.6;58.3;69.1;16.8;7.5;55.7;6.6;17.8;46.9;7.5;3.4;43.6;1.6;12.9;40.0;41.2;24.8;7.9;20.0;20.0;21.9;39.4;17.2;10.1;0.0;24.0;12.0;16.0;64.2;60.5;15.9;60.4;68.7;270.0;46.9;4.9;4.9;45.6;12.0;9.3;33.0;73.8;63.3;32.5;60.2;48.3;45.5;57.8;48.3;45.6;24.6;6.7;30.0;14.0;29.0;5.3;8.9;57.0;49.9;36.7;13.9;48.9;7.1;60.4;19.5;60.7;65.5;33.0;69.5;68.5;15.3;52.7;49.7;4.4;9.4;39.6;42.6;7.3;19.9;72.3;15.6;4.6;12.9;16.6;44.6;14.6;43.4;12.8;16.1;15.1;13.9;29.7;17.0;11.0;11.0;3.5;51.1;13.6;11.2;26.3;5.7;76.7;69.7;46.4;51.0;47.1;46.6;8.7;23.2;13.0;70.0;11.8;28.5;19.3;56.0;15.6;69.2;37.7;21.3;18.9;7.2;25.9;21.6;79.9;66.8;5.6;32.6;47.2;41.0;50.8;49.6;75.2;23.9;56.1;7.6;11.8;16.4;74.3;62.8;18.8;31.4;63.8;6.1;64.7;73.1;19.2;5.8;6.1;66.9;15.6;59.2;6.3;6.4;28.8;43.9;32.5;14.1;27.9;23.7;27.5;35.6
Einsteinstr. 19, 74626 Bretzfeld-Zentrum;17.4;27.8;30.0;23.6;8.5;40.2;24.7;43.6;17.1;34.4;43.6;34.7;47.9;18.4;31.3;32.8;17.6;7.1;23.9;21.1;23.2;21.2;22.9;19.7;20.6;19.1;10.5;17.1;9.3;9.3;6.5;20.5;22.8;17.2;24.0;0.0;21.5;10.6;44.4;39.5;8.5;36.6;46.3;250.2;23.9;28.4;28.4;25.1;34.5;27.9;10.3;49.9;40.9;14.9;36.1;24.9;23.5;36.0;26.9;22.3;1.3;28.3;15.2;17.7;5.0;19.6;25.2;34.6;25.9;15.3;37.0;26.6;29.0;40.9;9.9;36.6;42.8;9.2;45.8;45.3;15.4;30.2;29.3;20.2;33.4;17.9;21.3;17.5;5.6;48.3;15.9;27.0;20.8;18.7;21.7;23.0;19.4;14.9;12.9;17.4;16.9;5.9;20.9;14.4;14.4;25.7;28.2;10.7;23.4;2.5;18.9;54.3;46.6;23.8;32.0;27.2;29.1;32.1;4.6;14.3;46.7;33.1;8.6;9.1;32.0;9.5;48.2;13.7;17.4;20.2;20.3;9.8;2.7;57.5;43.2;23.1;13.8;27.5;19.4;29.8;30.0;53.7;2.2;33.6;18.2;12.5;7.9;53.1;44.0;42.5;11.8;39.9;27.8;44.1;49.8;17.3;18.6;18.2;45.6;39.0;37.9;18.1;18.0;4.8;23.3;10.6;19.6;17.1;17.0;8.4;11.6
Erich-Sailer-Str. 59, 74206 Bad Wimpfen-Zentrum;24.0;19.3;8.6;18.9;13.3;61.5;44.7;63.3;26.1;22.0;54.3;55.6;60.5;5.8;15.5;49.0;11.9;18.3;40.6;4.5;14.6;42.7;10.4;21.3;31.6;34.4;17.2;7.6;13.5;13.5;16.5;30.9;5.3;5.1;12.0;21.5;0.0;10.8;54.9;51.9;16.5;54.7;67.8;259.7;40.6;12.8;12.8;46.3;23.3;7.9;31.7;68.5;62.4;24.3;55.6;42.5;45.0;57.5;48.3;39.8;21.5;10.4;21.0;4.2;26.1;13.3;5.2;49.6;46.2;29.8;24.4;48.1;18.9;51.0;12.8;56.1;58.3;30.3;66.4;66.5;21.3;51.7;41.3;12.8;18.4;32.6;42.6;13.6;19.9;68.5;6.4;10.7;1.2;5.6;38.3;2.9;39.1;18.3;20.6;22.2;4.9;26.1;5.2;8.1;8.1;15.5;49.6;14.9;21.5;23.0;8.4;68.8;67.8;45.2;52.7;38.5;49.1;19.5;18.5;7.2;67.8;23.6;22.2;21.7;51.3;17.3;60.5;34.6;10.6;7.3;16.3;27.7;20.1;78.9;60.5;6.5;33.8;38.5;40.8;42.7;50.9;66.6;22.4;55.1;15.0;10.7;16.6;65.6;53.1;28.0;24.3;60.2;18.0;55.9;71.0;8.6;12.4;12.1;58.3;25.8;59.3;12.6;12.6;26.0;44.5;26.4;2.9;17.9;13.4;28.1;31.4
Erlenbacher Str., 74172 Neckarsulm-Dahenfeld;18.3;21.7;19.4;18.8;3.3;50.8;34.5;53.0;18.9;27.1;47.7;44.9;53.2;8.3;22.6;40.0;10.9;9.0;31.3;11.1;16.5;31.9;14.6;17.8;24.1;25.3;9.0;8.1;4.0;4.0;6.2;23.6;12.6;7.0;16.0;10.6;10.8;0.0;48.4;44.5;7.8;45.0;57.0;254.4;31.3;19.5;19.5;35.6;27.7;17.7;20.9;58.7;51.6;16.7;45.4;32.9;34.2;46.7;37.6;30.1;10.6;18.7;14.5;7.1;15.3;13.2;14.8;41.1;35.7;20.8;29.8;37.2;22.4;44.6;3.6;45.9;49.7;19.5;55.9;55.7;15.5;40.9;33.8;13.5;25.1;23.7;31.9;11.8;10.1;58.1;5.6;17.8;10.2;8.6;28.9;12.4;28.7;13.1;13.7;17.2;6.2;15.4;10.7;5.0;5.0;18.7;38.7;7.6;20.1;12.2;10.3;60.7;57.0;34.4;42.3;31.2;39.0;24.7;7.9;3.8;57.0;27.0;12.6;12.9;41.2;9.2;53.3;23.9;9.3;10.5;15.3;17.8;9.5;68.1;51.2;13.4;23.5;31.3;30.0;34.9;40.3;59.2;11.7;44.2;13.2;5.0;7.5;58.4;47.2;34.7;15.4;49.7;21.2;48.8;60.2;8.2;11.9;11.5;50.9;31.6;48.5;11.6;11.6;15.2;33.8;16.7;9.0;13.5;10.5;17.8;20.9
Erlenbachtalstr., 97999 Igersheim-Zentrum;61.7;70.1;61.4;66.7;49.3;55.6;54.8;32.6;29.5;75.4;0.8;38.1;7.6;49.1;70.0;17.4;59.1;51.2;23.1;57.9;64.9;43.4;62.7;63.8;24.4;25.6;39.4;56.3;44.4;44.4;43.1;24.8;51.5;54.3;64.2;44.4;54.9;48.4;0.0;6.4;52.1;23.0;51.3;206.2;23.1;67.1;67.1;49.5;76.1;62.8;43.2;29.9;48.3;31.7;29.0;24.3;44.9;49.2;47.5;25.4;43.1;65.2;34.3;51.2;41.3;61.5;60.1;13.9;32.3;29.0;78.0;44.1;70.8;3.9;44.8;29.3;14.6;39.7;40.2;45.3;59.8;44.5;15.1;61.8;72.8;26.6;46.6;59.8;49.9;37.8;49.1;65.1;53.8;49.4;24.5;53.9;31.6;58.9;57.3;61.8;50.9;39.3;50.3;53.3;53.3;67.0;41.8;53.7;67.2;42.0;58.5;17.5;46.3;42.6;55.4;17.4;57.1;72.9;42.5;51.2;44.9;75.4;36.7;53.4;27.7;53.4;6.7;37.1;44.3;48.1;63.2;51.4;47.0;57.3;21.3;60.5;49.8;17.2;45.7;14.7;53.1;12.8;46.0;45.0;61.0;53.1;51.4;11.5;3.9;82.5;33.4;34.9;69.6;3.3;47.3;46.3;60.2;59.8;6.6;79.7;51.5;59.9;59.9;41.6;48.7;33.8;52.1;37.0;41.5;48.8;35.2
Erpfentalstr. 6, 97980 Bad Mergentheim-Wachbach;56.7;66.0;58.9;62.4;45.0;49.4;48.5;27.3;25.9;71.6;5.6;31.9;8.7;46.1;66.7;11.1;55.1;46.5;17.2;54.5;60.9;37.1;59.0;59.1;20.5;20.5;35.6;52.5;40.5;40.5;38.9;21.1;49.0;50.7;60.5;39.5;51.9;44.5;6.4;0.0;47.5;17.0;45.4;210.8;17.2;63.6;63.6;43.1;72.2;59.8;37.5;25.8;42.2;28.0;23.0;18.1;38.6;42.9;41.2;19.4;38.3;62.0;30.9;48.0;36.1;57.4;57.1;7.6;25.9;24.3;74.3;37.8;66.8;5.7;41.0;23.3;10.3;34.1;34.7;39.6;54.9;38.1;10.7;57.8;69.3;21.6;40.3;55.6;45.0;32.8;45.9;61.7;50.8;46.4;18.8;51.2;25.4;54.2;52.4;56.9;47.7;34.2;47.6;49.5;49.5;63.1;35.5;49.3;62.6;37.0;54.7;17.4;40.7;36.3;49.1;13.5;50.8;69.1;38.0;47.5;39.2;71.3;32.3;48.4;21.5;48.7;8.8;31.3;41.4;45.5;58.9;46.0;42.1;51.9;16.6;57.1;44.0;13.4;39.5;9.7;46.7;14.8;41.0;38.7;56.7;49.1;46.8;13.9;8.9;79.0;29.2;29.1;65.6;4.7;41.9;43.3;56.1;55.7;6.4;76.1;45.2;55.8;55.7;36.3;42.4;29.0;49.0;34.1;38.7;43.3;29.6
Eulenbergstr. 60, 74248 Ellhofen-Zentrum;11.0;19.3;24.5;15.1;4.6;45.7;28.3;51.8;23.4;25.9;51.3;42.3;56.0;15.8;23.4;41.2;9.3;1.9;32.3;14.7;14.8;27.8;15.1;11.9;27.8;27.2;14.3;10.2;10.0;10.0;9.6;27.5;19.7;11.5;15.9;8.5;16.5;7.8;52.1;47.5;0.0;45.1;53.0;258.2;32.3;20.6;20.6;30.5;26.0;21.3;17.0;58.3;47.7;21.1;44.5;33.4;29.9;42.3;32.9;30.8;9.4;21.0;20.0;13.9;13.2;11.2;18.9;43.0;34.1;23.2;28.6;33.2;20.5;48.4;10.1;45.0;51.2;17.2;53.6;52.6;8.4;36.9;37.0;11.9;25.2;25.9;27.1;9.1;3.9;56.4;13.0;19.4;16.3;16.0;30.1;18.8;27.8;6.8;6.2;10.3;13.0;14.4;18.0;8.4;8.4;17.3;35.2;2.3;15.2;11.0;11.4;62.7;53.8;30.6;36.5;34.7;32.7;23.8;9.6;9.8;54.1;24.6;15.4;5.3;40.4;1.5;56.3;21.8;17.1;18.2;11.8;11.2;5.9;64.3;51.7;16.1;17.6;34.9;25.4;37.7;34.8;61.9;8.0;40.4;9.7;5.9;0.7;61.2;51.4;34.1;18.7;47.9;19.4;52.0;57.2;16.0;10.3;9.9;53.7;30.5;43.9;9.7;9.7;13.0;28.7;18.5;15.7;20.2;18.0;12.0;20.1
FC Billingsbach, 74572 Billingsbach;51.9;64.4;62.9;60.1;44.3;33.3;36.5;11.1;30.2;71.0;22.3;15.5;20.0;49.5;67.5;7.9;54.1;43.6;14.2;56.1;59.8;25.4;59.2;55.4;25.3;20.5;37.6;52.9;41.4;41.4;38.9;26.2;53.3;52.0;60.4;36.6;54.7;45.0;23.0;17.0;45.1;0.0;28.4;217.6;14.2;64.4;64.4;30.3;71.1;62.4;30.4;13.8;25.4;31.3;6.0;12.2;25.9;26.9;27.5;14.9;35.8;63.7;35.0;50.5;32.0;56.2;59.5;10.4;13.4;25.0;73.7;24.0;65.6;22.6;42.1;6.3;10.3;28.4;18.0;22.5;50.9;23.2;19.0;56.8;69.7;22.3;28.6;54.1;41.7;17.0;48.3;62.8;53.7;49.8;16.4;54.9;17.6;51.1;48.5;52.7;49.9;30.8;51.5;49.9;49.9;62.3;21.1;47.3;59.4;34.2;54.9;20.8;23.7;23.5;34.8;21.3;37.7;68.7;37.3;48.7;22.3;69.7;32.6;44.2;6.4;46.0;21.1;24.1;45.5;49.7;56.9;39.7;39.2;35.2;6.9;58.5;35.5;21.6;28.5;17.1;32.7;23.4;37.4;22.9;54.9;48.6;44.5;23.7;26.0;79.0;30.5;12.1;64.5;20.1;25.1;46.9;55.1;54.8;18.5;75.6;29.1;54.6;54.6;32.2;30.1;28.3;52.0;39.0;43.1;37.0;25.0
FC Honhardt, 74586 Frankenhardt-Honhardt;54.2;69.8;76.4;64.9;54.7;11.7;28.6;19.9;50.1;77.0;50.7;14.7;47.5;64.1;76.1;35.2;62.1;51.1;35.9;67.3;66.8;25.2;68.0;58.9;47.2;40.6;53.0;63.0;54.8;54.8;51.7;48.0;68.5;63.5;68.7;46.3;67.8;57.0;51.3;45.4;53.0;28.4;0.0;232.8;35.9;73.5;73.5;23.5;76.4;74.1;36.2;27.2;5.4;50.0;22.5;33.2;23.2;11.1;20.5;34.8;46.3;74.0;53.4;63.9;41.7;63.5;71.4;38.4;24.6;43.5;79.4;19.9;71.6;51.0;55.5;22.1;37.6;37.6;12.8;6.6;54.7;16.1;45.0;64.4;77.6;42.0;26.1;61.4;49.1;17.3;61.9;72.4;67.1;64.5;37.0;69.1;31.2;56.4;53.1;55.9;63.1;42.0;66.6;60.6;60.6;69.2;18.3;55.3;63.0;44.8;64.5;44.7;6.2;22.6;20.9;46.3;26.1;75.4;49.6;60.7;8.0;74.3;47.7;49.4;24.8;53.1;48.8;33.6;61.7;65.4;62.9;42.9;48.0;11.3;31.4;69.1;36.2;46.8;27.7;43.4;20.9;49.4;45.7;12.7;61.4;58.4;52.7;50.1;54.4;85.3;47.5;16.5;70.6;48.4;8.2;62.3;62.9;62.6;46.4;81.4;10.3;62.3;62.3;41.8;25.0;44.0;65.8;57.4;60.1;41.2;37.5
FC Ottendorf, 74405 Ottendorf;267.4;276.1;264.6;272.9;255.4;243.7;253.6;217.3;235.5;281.1;206.9;229.5;202.4;253.9;275.2;218.5;265.2;257.2;227.0;263.2;270.9;242.9;268.4;269.9;230.5;231.2;245.4;262.1;250.4;250.4;249.2;231.0;255.4;259.8;270.0;250.2;259.7;254.4;206.2;210.8;258.2;217.6;232.8;0.0;227.0;272.3;272.3;247.1;281.9;267.1;247.1;208.7;234.4;237.8;221.4;226.9;243.2;239.5;244.0;229.0;249.1;270.1;240.0;256.4;246.7;267.6;264.8;216.1;231.0;235.0;283.7;240.7;276.7;209.9;250.8;221.2;208.8;244.2;221.5;227.1;265.7;238.7;221.1;267.9;278.0;232.4;246.1;266.0;255.8;216.7;254.5;270.3;258.5;254.2;229.0;258.1;234.1;264.9;263.1;267.6;256.3;244.9;254.6;259.2;259.2;273.0;237.5;259.9;273.3;247.8;264.3;197.2;226.9;240.8;249.9;223.5;253.9;278.5;248.6;256.9;225.3;281.4;242.9;259.1;223.9;259.5;202.0;240.6;249.2;252.5;269.4;256.1;252.9;228.0;210.8;265.7;252.9;223.3;246.1;220.4;248.3;196.7;251.7;236.8;267.2;259.2;257.5;197.2;207.2;287.7;239.6;222.5;275.5;206.2;224.6;251.2;266.3;265.9;204.7;285.3;240.6;266.0;266.0;246.9;247.3;239.8;256.9;242.1;246.5;253.4;239.9
FV Künzelsau, 74653 Künzelsau-Zentrum;40.5;51.5;48.7;47.5;30.9;36.3;31.9;24.0;16.2;57.8;22.3;21.2;24.8;35.3;53.8;8.9;40.9;31.0;0.0;42.2;46.7;20.8;45.6;43.4;11.8;6.3;23.5;39.3;27.5;27.5;25.1;12.8;39.1;38.1;46.9;23.9;40.6;31.3;23.1;17.2;32.3;14.2;35.9;227.0;0.0;50.8;50.8;27.1;58.1;48.3;20.4;28.0;31.4;17.1;16.4;2.8;22.6;29.9;25.7;2.2;22.9;49.8;20.9;36.4;19.8;43.1;45.5;11.0;11.8;10.8;60.5;22.6;52.6;20.5;28.2;17.0;18.9;17.2;29.2;31.7;39.0;24.1;10.2;43.6;56.2;8.1;23.8;41.1;29.3;29.7;34.2;49.1;39.6;35.7;2.3;40.8;8.5;38.8;36.5;41.0;35.9;18.2;37.4;36.2;36.2;49.1;21.2;34.4;47.2;21.4;41.3;30.4;33.0;20.5;33.7;10.7;34.6;55.4;23.7;34.8;32.2;56.9;18.7;32.3;12.4;33.4;25.4;14.1;31.3;35.5;44.1;29.2;26.6;45.1;20.0;44.6;26.8;11.2;22.7;9.3;31.2;30.3;25.1;25.8;42.0;35.2;31.7;29.9;24.2;65.7;16.4;22.4;51.4;21.9;35.4;32.8;41.9;41.6;22.5;62.4;32.4;41.5;41.5;20.1;26.1;14.5;37.9;25.0;28.9;26.4;12.9
Falltorstr. 10, 74193 Schwaigern;21.9;9.1;11.9;11.9;20.2;65.6;47.4;72.0;37.8;9.3;66.5;62.9;72.3;18.4;3.0;59.5;11.4;22.5;50.8;9.2;7.7;48.4;5.5;17.4;43.1;44.9;28.0;11.6;23.4;23.4;25.7;42.5;17.7;12.9;4.9;28.4;12.8;19.5;67.1;63.6;20.6;64.4;73.5;272.3;50.8;0.0;0.0;50.5;10.8;7.0;37.6;78.0;68.1;35.7;64.5;52.3;50.3;62.6;53.1;49.6;28.9;3.4;32.8;16.0;33.4;10.2;8.1;60.6;54.3;40.4;11.6;53.7;7.8;63.2;22.8;65.0;69.2;37.5;74.1;73.2;20.2;57.4;52.9;9.3;5.7;43.2;47.4;12.2;24.5;76.7;17.9;2.1;13.9;18.2;48.4;14.9;47.7;17.7;21.0;19.8;16.1;34.0;18.0;14.6;14.6;6.2;55.8;18.3;15.0;30.6;9.6;80.1;74.4;51.2;55.9;50.2;51.5;6.9;27.2;16.1;74.7;11.7;32.2;24.2;60.3;20.4;72.3;42.1;23.2;20.1;11.8;30.8;26.1;84.7;70.7;6.6;37.5;50.3;45.8;54.1;54.5;78.4;28.4;60.9;12.5;15.9;21.1;77.5;65.5;15.5;34.9;68.3;7.4;67.8;77.8;21.1;10.6;10.9;70.1;13.0;64.1;11.2;11.3;33.2;48.8;36.3;15.5;30.3;25.8;32.3;39.8
Falltorstr. 10, 74193 Schwaigern-Zentrum;21.9;9.1;11.9;11.9;20.2;65.6;47.4;72.0;37.8;9.3;66.5;62.9;72.3;18.4;3.0;59.5;11.4;22.5;50.8;9.2;7.7;48.4;5.5;17.4;43.1;44.9;28.0;11.6;23.4;23.4;25.7;42.5;17.7;12.9;4.9;28.4;12.8;19.5;67.1;63.6;20.6;64.4;73.5;272.3;50.8;0.0;0.0;50.5;10.8;7.0;37.6;78.0;68.1;35.7;64.5;52.3;50.3;62.6;53.1;49.6;28.9;3.4;32.8;16.0;33.4;10.2;8.1;60.6;54.3;40.4;11.6;53.7;7.8;63.2;22.8;65.0;69.2;37.5;74.1;73.2;20.2;57.4;52.9;9.3;5.7;43.2;47.4;12.2;24.5;76.7;17.9;2.1;13.9;18.2;48.4;14.9;47.7;17.7;21.0;19.8;16.1;34.0;18.0;14.6;14.6;6.2;55.8;18.3;15.0;30.6;9.6;80.1;74.4;51.2;55.9;50.2;51.5;6.9;27.2;16.1;74.7;11.7;32.2;24.2;60.3;20.4;72.3;42.1;23.2;20.1;11.8;30.8;26.1;84.7;70.7;6.6;37.5;50.3;45.8;54.1;54.5;78.4;28.4;60.9;12.5;15.9;21.1;77.5;65.5;15.5;34.9;68.3;7.4;67.8;77.8;21.1;10.6;10.9;70.1;13.0;64.1;11.2;11.3;33.2;48.8;36.3;15.5;30.3;25.8;32.3;39.8
Flurstr., 74538 Rosengarten-Westheim;30.6;46.4;54.7;41.5;32.9;15.3;6.5;30.2;34.9;53.6;48.7;18.0;49.1;43.5;53.0;32.4;39.2;28.5;27.1;45.1;43.5;6.4;45.1;35.4;34.3;28.2;34.0;40.6;34.3;34.3;31.3;34.9;48.0;41.6;45.6;25.1;46.3;35.6;49.5;43.1;30.5;30.3;23.5;247.1;27.1;50.5;50.5;0.0;52.9;51.8;15.1;38.7;18.5;33.8;25.8;25.3;4.6;12.4;3.5;25.0;25.5;51.3;36.3;42.7;21.3;40.4;49.3;35.7;17.5;28.7;55.9;6.5;48.1;47.4;35.0;25.9;40.2;18.1;28.3;25.0;31.2;9.1;37.2;41.2;54.3;28.8;4.1;38.3;26.6;32.5;41.0;49.6;45.7;43.9;26.6;48.0;18.7;33.1;29.8;32.4;41.9;22.5;46.0;38.5;38.5;45.9;9.7;32.6;39.5;24.3;41.8;51.1;26.0;6.9;7.4;37.0;7.6;52.0;29.2;39.1;26.8;50.8;29.3;26.3;23.9;30.3;50.0;16.1;42.2;45.2;39.5;19.7;26.2;34.7;36.7;46.6;13.0;37.5;6.0;36.4;5.0;53.4;23.9;12.1;38.2;36.1;30.2;53.5;51.1;61.8;30.5;25.1;47.2;47.5;29.4;42.3;39.9;39.7;47.1;57.9;13.7;39.3;39.2;21.3;1.8;26.9;44.6;39.7;41.2;18.4;20.4
Flügelaustraße 29, 74363 Eibensbach;22.3;6.8;22.3;11.6;27.3;67.3;48.6;77.5;46.6;2.0;75.4;67.4;80.9;28.5;9.0;67.0;17.2;27.6;58.1;19.2;11.4;52.1;13.6;17.5;51.8;52.6;36.7;19.8;31.7;31.7;33.4;51.3;28.3;22.1;12.0;34.5;23.3;27.7;76.1;72.2;26.0;71.1;76.4;281.9;58.1;10.8;10.8;52.9;0.0;17.6;42.2;84.3;71.3;44.4;70.3;59.3;53.7;65.4;56.0;56.6;35.3;14.0;41.9;25.9;39.2;15.0;18.9;68.4;59.8;48.2;3.1;57.2;5.5;72.3;31.3;70.8;76.9;43.0;78.8;77.1;21.8;60.9;61.5;14.5;6.6;51.1;50.5;17.0;29.5;81.9;27.6;12.8;24.3;28.4;55.8;25.5;53.8;20.5;23.7;20.5;25.8;40.3;28.5;22.8;22.8;9.1;59.7;23.8;13.5;36.9;17.6;88.1;78.2;54.9;57.2;58.9;52.4;3.9;34.5;25.0;78.7;2.6;40.0;27.8;66.3;25.2;81.0;47.6;33.2;30.5;14.3;33.9;31.9;87.6;77.7;16.7;40.3;59.0;49.1;62.5;56.3;86.9;33.8;64.3;16.2;23.2;26.6;86.1;74.8;8.9;43.0;73.4;6.7;76.5;81.6;31.1;16.2;16.6;78.6;5.0;66.5;16.6;16.6;39.0;51.4;43.8;25.7;39.9;35.7;36.0;46.1
Frankenstr., 74906 Bad Rappenau-Fürfeld;25.8;15.7;5.1;17.4;19.4;67.0;49.4;70.6;34.0;16.0;62.2;62.5;68.5;13.7;8.8;56.8;13.5;23.3;48.3;6.8;12.7;48.8;8.6;21.9;39.5;42.2;24.9;11.1;20.9;20.9;23.7;38.8;11.7;10.7;9.3;27.9;7.9;17.7;62.8;59.8;21.3;62.4;74.1;267.1;48.3;7.0;7.0;51.8;17.6;0.0;37.8;76.1;68.7;32.2;63.0;50.2;51.0;63.5;54.1;47.4;28.1;3.6;28.9;12.0;32.8;13.5;2.9;57.5;53.3;37.6;18.0;54.2;14.7;58.9;20.3;63.6;66.2;37.0;73.5;73.2;23.5;57.9;49.2;12.7;11.7;40.4;48.4;15.0;25.2;75.7;14.2;5.3;9.1;13.4;46.0;9.0;46.4;20.6;23.6;23.7;12.5;33.0;12.6;13.5;13.5;12.2;56.0;19.2;20.5;29.7;10.2;76.7;74.4;51.5;57.8;46.4;53.7;13.8;25.6;13.9;74.5;18.6;29.8;25.9;58.8;21.6;68.4;41.4;18.5;14.8;16.1;32.4;26.0;85.3;68.3;5.3;38.9;46.4;46.6;50.6;56.1;74.5;28.4;61.3;15.9;15.7;21.6;73.5;60.9;20.8;32.0;67.4;14.1;63.8;77.7;16.5;13.3;13.3;66.3;19.1;65.2;13.8;13.8;32.6;50.0;34.0;10.8;25.8;21.2;33.3;38.5
Freibadweg, 74629 Pfedelbach-Untersteinbach;21.5;35.4;40.2;30.7;18.5;30.0;15.9;35.5;21.6;42.4;42.5;25.4;45.2;28.6;40.4;28.6;26.3;15.2;20.4;31.1;31.5;11.0;32.1;25.5;22.7;18.1;19.1;26.9;19.3;19.3;16.2;23.0;33.0;27.3;33.0;10.3;31.7;20.9;43.2;37.5;17.0;30.4;36.2;247.1;20.4;37.6;37.6;15.1;42.2;37.8;0.0;42.7;30.8;20.0;28.6;20.2;13.3;25.8;16.7;18.3;10.5;37.9;21.9;27.9;6.3;28.0;35.2;31.2;17.9;16.5;45.0;16.4;36.9;40.3;19.9;29.0;38.3;4.1;36.7;35.6;20.9;20.1;28.7;28.8;42.2;17.8;11.1;25.9;13.1;39.7;26.2;36.4;31.1;28.9;18.7;33.3;13.1;21.7;18.7;22.6;27.1;7.7;31.1;24.4;24.4;34.0;18.2;19.4;29.6;9.2;28.4;50.0;36.8;13.7;22.2;27.5;20.0;40.4;14.1;24.5;37.1;40.4;14.7;14.4;24.9;17.4;45.8;6.5;27.1;30.2;28.0;9.3;11.8;47.4;37.3;32.9;6.8;27.9;9.2;28.6;20.0;50.6;9.4;23.5;26.2;22.2;16.6;50.2;43.8;50.7;16.5;31.3;35.8;42.2;40.1;27.2;27.2;26.9;42.9;47.0;27.6;26.7;26.6;6.2;13.3;13.2;29.9;25.0;26.1;6.6;8.3
Freie-Weg, 74572 Blaufelden-Gammesfeld;64.2;77.5;76.7;73.0;57.8;36.1;45.2;8.6;43.9;84.2;29.5;20.8;23.8;63.3;81.0;20.7;67.4;56.7;28.0;69.8;73.1;35.4;72.7;68.1;38.9;34.3;51.4;66.5;55.2;55.2;52.5;39.8;67.1;65.7;73.8;49.9;68.5;58.7;29.9;25.8;58.3;13.8;27.2;208.7;28.0;78.0;78.0;38.7;84.3;76.1;42.7;0.0;26.8;45.1;14.1;26.0;35.1;31.0;35.4;28.7;49.2;77.4;48.8;64.3;45.1;69.5;73.3;21.9;24.7;38.8;86.9;32.3;78.8;31.2;55.8;13.7;15.5;41.3;14.4;20.6;63.5;30.0;31.5;70.1;83.2;36.1;38.3;67.4;54.8;10.0;62.1;76.4;67.5;63.7;30.3;68.7;30.5;64.0;61.2;65.2;63.7;44.1;65.4;63.5;63.5;75.6;29.0;60.6;72.2;47.5;68.4;18.2;21.0;32.9;41.2;34.1;45.2;82.0;50.9;62.4;19.2;82.7;46.4;56.9;17.9;59.1;25.1;36.7;59.3;63.5;70.0;51.8;52.4;29.3;9.4;72.1;46.8;34.4;38.7;29.6;39.6;23.7;50.4;28.1;68.0;62.1;57.7;24.7;33.7;92.4;44.3;13.8;77.7;26.6;20.4;60.8;68.5;68.1;23.5;88.8;32.5;68.0;67.9;45.3;39.1;42.1;65.8;52.8;56.9;49.3;38.3
Gaildorfer Str. 7, 74586 Frankenhardt-Gründelhardt;49.1;64.6;71.0;59.8;49.3;9.4;24.0;18.7;45.1;71.8;47.7;10.5;45.2;58.7;70.8;31.6;56.8;45.7;31.4;61.9;61.5;19.8;62.6;53.8;42.4;35.7;47.7;57.6;49.4;49.4;46.3;43.2;63.2;58.1;63.3;40.9;62.4;51.6;48.3;42.2;47.7;25.4;5.4;234.4;31.4;68.1;68.1;18.5;71.3;68.7;30.8;26.8;0.0;44.8;19.4;28.7;17.8;6.2;15.3;30.1;40.9;68.7;48.2;58.5;36.3;58.2;66.0;34.9;19.8;38.4;74.3;14.5;66.3;47.6;50.1;19.2;35.2;32.2;13.0;7.5;49.5;10.7;40.8;59.0;72.3;37.1;20.8;56.1;43.7;17.8;56.6;67.1;61.7;59.1;32.3;63.7;26.1;51.1;47.8;50.7;57.7;36.6;61.2;55.2;55.2;63.9;12.9;50.0;57.9;39.4;59.1;43.5;8.1;17.2;16.9;42.0;21.9;70.1;44.2;55.3;9.5;69.2;42.4;44.1;21.0;47.8;46.4;28.3;56.4;60.0;57.6;37.6;42.6;16.6;29.4;63.7;31.0;42.4;22.4;39.3;16.4;47.7;40.3;7.3;56.1;53.0;47.3;48.2;51.1;80.1;42.3;14.3;65.3;45.5;11.3;57.0;57.6;57.3;43.8;76.2;6.4;57.0;56.9;36.4;19.9;38.7;60.4;52.2;54.8;35.9;32.2
Gartenstr. 24, 74249 Jagsthausen-Zentrum;31.6;38.4;31.9;35.2;17.7;47.1;35.8;40.9;2.4;43.7;31.1;35.9;36.7;18.7;38.7;24.9;27.5;20.7;17.1;26.6;33.2;28.0;31.1;32.9;7.5;10.8;7.7;24.6;12.7;12.7;11.6;6.9;22.2;22.8;32.5;14.9;24.3;16.7;31.7;28.0;21.1;31.3;50.0;237.8;17.1;35.7;35.7;33.8;44.4;32.2;20.0;45.1;44.8;0.0;33.3;19.5;30.4;41.5;34.2;16.9;13.6;34.2;3.7;20.2;14.5;29.8;29.4;25.3;25.7;6.7;46.4;32.3;39.1;27.9;13.1;33.8;34.0;16.1;45.4;47.0;29.3;35.2;17.3;30.1;41.4;9.0;29.7;28.2;19.9;46.6;18.0;33.8;23.2;19.0;15.0;24.0;18.8;27.9;26.9;31.3;19.8;12.5;20.5;21.6;21.6;35.3;32.4;22.4;35.9;13.2;26.8;44.6;48.3;29.4;41.2;14.5;39.8;41.2;11.6;19.6;47.8;43.7;6.3;23.7;29.0;22.5;36.7;17.8;14.4;18.5;31.7;24.3;17.0;60.2;36.6;29.2;26.2;14.7;27.9;18.5;38.7;42.7;17.0;38.0;29.4;21.4;20.4;41.8;30.6;51.1;3.5;38.8;37.9;32.2;51.1;16.0;28.5;28.1;34.4;48.1;43.8;28.2;28.2;14.7;32.1;6.9;21.4;7.9;11.8;22.3;13.5
Grabenstr., 74582 Gerabronn;50.1;63.6;64.0;59.0;44.3;27.3;32.2;7.7;32.6;70.4;28.3;9.6;25.9;50.7;67.4;13.0;53.7;42.8;16.4;56.5;59.3;21.6;59.0;54.0;28.2;22.5;38.8;53.0;42.1;42.1;39.3;29.2;54.8;52.4;60.2;36.1;55.6;45.4;29.0;23.0;44.5;6.0;22.5;221.4;16.4;64.5;64.5;25.8;70.3;63.0;28.6;14.1;19.4;33.3;0.0;13.9;21.7;21.1;22.7;16.4;35.5;64.0;37.0;51.4;31.3;55.7;60.2;16.0;10.6;26.6;73.0;19.3;64.9;28.5;42.8;0.6;16.1;27.3;13.0;16.8;49.4;18.0;23.5;56.4;69.5;24.3;24.7;53.5;40.8;13.3;49.2;62.9;54.7;51.1;18.4;56.1;16.8;50.0;47.1;51.1;50.7;30.4;52.9;50.1;50.1;61.8;16.2;46.8;58.1;33.9;54.9;25.7;18.0;19.4;29.6;25.4;32.9;68.2;37.5;49.2;16.8;68.8;33.5;42.8;4.3;45.2;27.1;22.7;47.1;51.2;56.1;37.7;38.6;29.8;11.1;58.8;32.8;25.8;24.9;21.8;27.6;29.0;36.5;17.2;54.1;48.5;43.9;29.3;31.9;78.6;31.9;6.5;63.8;26.1;19.8;48.3;54.7;54.3;24.5;75.0;23.2;54.2;54.1;31.5;25.8;29.2;53.1;41.2;44.9;35.2;24.6
Grabenteichweg 25, 74653 Künzelsau-Amrichshausen;40.9;52.6;50.7;48.4;32.3;33.8;30.5;21.5;18.7;59.1;23.5;18.4;25.2;37.4;55.4;8.4;42.1;31.9;2.8;43.9;47.9;19.2;47.1;44.1;14.6;8.7;25.4;40.8;29.3;29.3;26.7;15.5;41.3;39.8;48.3;24.9;42.5;32.9;24.3;18.1;33.4;12.2;33.2;226.9;2.8;52.3;52.3;25.3;59.3;50.2;20.2;26.0;28.7;19.5;13.9;0.0;20.8;27.4;23.7;2.8;24.0;51.5;23.2;38.3;20.5;44.3;47.3;11.2;9.2;13.0;61.8;20.5;53.8;22.0;29.9;14.4;18.2;17.4;26.4;28.9;39.6;21.7;12.5;44.9;57.7;10.5;22.3;42.3;30.2;27.1;36.1;50.6;41.5;37.7;4.5;42.8;7.4;39.6;37.2;41.6;37.7;19.0;39.5;37.7;37.7;50.4;18.8;35.5;48.0;22.4;42.8;29.9;30.2;18.6;31.7;13.3;32.9;56.8;25.2;36.5;29.5;58.0;20.4;33.0;9.7;34.4;25.8;13.8;33.5;37.7;45.2;29.3;27.5;42.4;18.4;46.3;26.3;13.8;21.4;11.3;29.3;30.4;25.8;23.2;43.1;36.6;32.7;30.0;25.8;67.1;18.4;19.7;52.6;22.7;32.7;34.9;43.2;42.8;22.9;63.7;29.8;42.7;42.7;20.7;24.4;16.2;39.9;27.4;31.2;26.5;13.4
Hagenbacher Ring, 74523 Schwäbisch Hall;31.7;47.0;53.5;42.1;31.8;17.0;10.6;26.8;31.3;54.2;44.1;14.9;44.6;41.8;53.0;27.8;39.0;27.9;22.6;44.2;43.7;2.5;44.8;36.3;30.3;24.0;31.5;39.9;32.4;32.4;29.3;31.0;46.2;40.5;45.5;23.5;45.0;34.2;44.9;38.6;29.9;25.9;23.2;243.2;22.6;50.3;50.3;4.6;53.7;51.0;13.3;35.1;17.8;30.4;21.7;20.8;0.0;12.5;3.7;20.5;23.7;50.9;33.2;41.2;19.2;40.4;48.4;31.1;13.0;24.9;56.6;3.5;48.7;42.8;33.1;21.9;35.8;15.4;25.8;23.4;31.9;7.2;32.7;41.2;54.5;24.8;3.4;38.2;25.9;29.7;39.4;49.3;44.4;42.1;22.2;46.5;14.3;33.4;30.1;33.2;40.4;20.0;44.3;37.6;37.6;46.2;6.4;32.2;40.4;22.3;41.3;46.8;24.5;2.4;11.3;32.7;12.2;52.4;27.2;37.8;25.1;51.7;26.5;26.3;19.6;29.9;45.5;12.6;39.9;43.3;39.9;19.9;25.0;34.4;32.5;45.9;13.4;33.2;4.6;31.9;8.8;49.0;22.6;10.6;38.3;35.3;29.5;49.0;46.5;62.5;27.3;21.8;47.6;42.9;27.9;40.3;39.7;39.5;42.6;58.6;14.4;39.2;39.1;19.2;4.1;23.6;43.1;36.9;38.7;18.1;16.9
Hagenbusch, 74423 Obersontheim;43.1;58.8;66.0;53.9;44.3;6.5;17.7;22.5;42.1;66.0;48.4;11.5;46.9;54.2;65.2;31.9;51.2;40.3;29.9;56.7;55.8;14.8;57.1;47.8;40.0;33.4;43.6;52.4;44.8;44.8;41.7;40.8;58.6;53.0;57.8;36.0;57.5;46.7;49.2;42.9;42.3;26.9;11.1;239.5;29.9;62.6;62.6;12.4;65.4;63.5;25.8;31.0;6.2;41.5;21.1;27.4;12.5;0.0;9.5;28.3;36.2;63.3;44.7;53.7;31.6;52.6;60.9;35.3;18.2;35.4;68.4;9.5;60.5;48.0;45.5;21.0;37.1;27.7;18.1;13.5;43.6;6.3;39.9;53.4;66.6;34.5;15.2;50.5;38.4;22.8;51.9;61.6;56.9;54.5;30.4;59.0;23.4;45.4;42.1;44.8;52.9;32.2;56.6;50.1;50.1;58.2;9.2;44.5;51.9;34.7;53.7;46.4;14.2;12.5;10.8;40.6;15.8;64.3;39.6;50.3;15.4;63.2;38.4;38.4;21.4;42.3;48.0;24.2;52.1;55.6;51.8;31.9;37.5;22.3;32.0;58.4;25.2;41.1;16.9;38.5;10.2;50.1;35.1;4.2;50.4;47.8;41.9;50.4;51.6;74.2;38.7;17.5;59.5;46.6;17.5;52.6;52.0;51.8;45.3;70.3;2.4;51.4;51.4;31.6;14.0;35.1;55.6;48.5;50.7;30.4;28.4
Hagenhofweg, 74544 Michelbach an der Bilz;33.8;49.3;56.8;44.5;35.0;13.4;9.9;26.9;35.1;56.6;46.7;14.6;46.8;45.3;55.7;30.2;41.8;30.9;25.7;47.4;46.3;6.2;47.7;38.5;34.0;27.6;35.2;43.0;35.9;35.9;32.9;34.6;49.7;43.8;48.3;26.9;48.3;37.6;47.5;41.2;32.9;27.5;20.5;244.0;25.7;53.1;53.1;3.5;56.0;54.1;16.7;35.4;15.3;34.2;22.7;23.7;3.7;9.5;0.0;23.7;27.2;53.9;37.0;44.6;22.8;43.1;51.6;33.7;15.3;28.6;59.0;3.5;51.1;45.6;36.6;22.9;37.6;19.1;24.8;21.6;34.2;5.6;35.9;44.0;57.1;28.4;5.7;41.0;29.0;29.0;42.9;52.2;47.7;45.6;25.5;49.9;17.7;35.9;32.6;35.4;43.8;23.6;47.7;40.8;40.8;48.7;6.5;35.1;42.6;25.8;44.3;48.2;22.6;5.2;8.0;36.0;10.2;54.9;30.7;41.1;23.4;53.9;30.2;29.0;21.2;32.8;47.7;16.4;43.5;46.8;42.4;22.4;28.3;31.7;33.8;49.0;15.8;36.5;7.6;35.0;5.6;50.8;25.9;8.7;41.0;38.4;32.5;50.9;49.4;64.8;31.0;21.7;50.1;45.4;26.0;43.8;42.5;42.3;44.8;60.9;11.0;42.0;41.9;22.8;4.6;27.4;46.5;40.6;42.4;20.9;20.7
Hallstattweg 36, 74653 Künzelsau-Zentrum;38.6;50.0;48.0;45.8;29.5;34.6;29.7;24.1;16.3;56.4;24.6;20.1;26.9;34.6;52.6;10.6;39.5;29.4;2.2;41.1;45.3;18.6;44.4;41.7;12.5;6.2;22.7;38.0;26.5;26.5;24.0;13.3;38.5;37.1;45.6;22.3;39.8;30.1;25.4;19.4;30.8;14.9;34.8;229.0;2.2;49.6;49.6;25.0;56.6;47.4;18.3;28.7;30.1;16.9;16.4;2.8;20.5;28.3;23.7;0.0;21.3;48.8;20.6;35.6;18.0;41.6;44.6;13.0;10.3;10.3;59.1;20.7;51.1;22.8;27.2;17.0;20.6;15.2;28.8;30.9;37.2;22.4;12.3;42.2;55.0;7.9;21.6;39.6;27.6;29.7;33.3;47.9;38.8;35.0;2.2;40.1;6.3;37.1;34.7;39.1;35.0;16.5;36.8;35.0;35.0;47.7;19.4;32.9;45.5;19.8;40.1;32.2;32.2;18.5;31.7;12.4;32.4;54.1;22.4;33.8;31.5;55.3;17.7;30.5;12.2;31.8;27.5;11.9;30.8;35.0;42.6;27.1;24.9;44.3;21.2;43.5;24.6;12.9;20.5;11.4;29.2;32.4;23.3;24.2;40.5;33.8;30.1;31.9;26.5;64.4;15.7;22.1;49.9;24.0;34.8;32.2;40.5;40.1;24.7;61.0;30.7;40.1;40.0;18.2;23.9;13.4;37.1;24.7;28.5;24.4;11.0
Hasenweg, 74626 Bretzfeld-Bitzfeld;18.6;28.6;30.1;24.5;8.8;40.5;25.4;43.0;15.9;35.1;42.4;34.4;46.8;18.1;31.9;31.8;18.3;8.2;22.9;21.4;24.0;21.4;23.5;20.8;19.4;17.9;9.5;17.5;8.8;8.8;5.8;19.2;22.5;17.4;24.6;1.3;21.5;10.6;43.1;38.3;9.4;35.8;46.3;249.1;22.9;28.9;28.9;25.5;35.3;28.1;10.5;49.2;40.9;13.6;35.5;24.0;23.7;36.2;27.2;21.3;0.0;28.7;14.0;17.6;4.7;20.4;25.3;33.6;25.4;14.1;37.8;26.7;29.8;39.6;9.4;36.0;41.8;8.9;45.4;45.1;16.6;30.3;28.0;21.0;34.0;16.7;21.6;18.3;6.8;47.9;15.7;27.5;20.8;18.4;20.7;22.8;18.8;16.0;14.1;18.6;16.7;5.1;20.6;14.7;14.7;26.5;28.1;11.5;24.4;1.7;19.4;53.3;46.4;23.8;32.5;25.9;29.8;32.9;3.8;14.4;46.4;34.0;7.3;10.4;31.4;10.5;47.1;13.4;16.7;19.7;21.2;10.9;3.8;57.4;42.4;23.5;14.6;26.2;19.7;28.6;30.4;52.6;3.4;33.6;19.1;13.0;8.8;52.0;42.8;43.2;10.5;39.4;28.6;42.9;49.6;16.7;19.3;18.9;44.4;39.7;38.1;18.8;18.8;4.6;23.7;9.3;19.5;16.0;16.1;9.4;10.9
Heilbronner Str. 56, 74252 Massenbachhausen;23.9;12.4;8.6;14.6;19.9;66.5;48.6;71.6;36.2;12.4;64.6;63.0;70.7;16.2;5.3;58.4;12.3;23.0;49.8;7.7;10.0;48.8;6.6;19.7;41.6;43.8;26.7;11.2;22.3;22.3;24.8;40.9;14.9;11.7;6.7;28.3;10.4;18.7;65.2;62.0;21.0;63.7;74.0;270.1;49.8;3.4;3.4;51.3;14.0;3.6;37.9;77.4;68.7;34.2;64.0;51.5;50.9;63.3;53.9;48.8;28.7;0.0;31.1;14.1;33.3;11.7;5.3;59.3;54.1;39.2;14.5;54.2;11.2;61.3;21.7;64.6;68.0;37.5;74.1;73.5;21.9;57.9;51.4;10.8;8.3;42.1;48.1;13.5;25.0;76.5;16.2;2.2;11.6;16.0;47.5;12.1;47.3;19.1;22.3;21.8;14.4;33.7;15.4;14.0;14.0;9.1;56.1;18.8;17.8;30.4;9.6;78.8;74.7;51.6;57.0;48.6;52.8;10.1;26.5;15.0;74.9;15.0;31.2;25.1;59.8;21.1;70.7;42.0;21.0;17.6;13.9;31.7;26.2;85.3;69.8;5.3;38.4;48.6;46.4;52.7;55.5;76.8;28.6;61.4;14.1;15.8;21.4;75.8;63.5;17.6;33.7;68.1;10.7;66.1;78.0;19.0;11.8;11.9;68.5;15.7;64.9;12.3;12.4;33.1;49.6;35.4;13.2;28.3;23.8;33.0;39.4
Heilbronner Str., 74259 Widdern-Zentrum;30.9;36.2;28.4;33.3;16.1;50.1;37.8;44.6;5.1;41.1;33.7;39.4;39.6;15.3;35.8;28.5;25.3;19.9;20.9;23.6;30.9;30.7;28.4;31.6;10.6;14.6;5.7;22.1;10.6;10.6;10.5;9.9;18.6;20.0;30.0;15.2;21.0;14.5;34.3;30.9;20.0;35.0;53.4;240.0;20.9;32.8;32.8;36.3;41.9;28.9;21.9;48.8;48.2;3.7;37.0;23.2;33.2;44.7;37.0;20.6;14.0;31.1;0.0;17.0;16.0;27.7;26.2;28.8;29.2;10.4;43.8;35.3;36.7;30.4;10.9;37.6;37.5;18.3;49.1;50.5;28.4;38.4;20.3;27.9;38.5;12.7;32.2;26.3;19.5;50.3;14.9;30.8;19.9;15.6;18.7;20.5;22.2;26.6;26.0;30.3;16.7;14.3;17.0;19.2;19.2;32.9;35.6;21.0;34.3;14.1;24.3;47.8;51.9;32.4;43.7;17.5;41.9;38.6;11.1;16.9;51.4;41.4;7.3;23.3;32.7;21.5;39.6;20.6;10.8;15.0;29.8;24.9;16.8;63.8;40.3;26.2;27.7;17.5;30.3;21.7;41.3;45.7;17.4;41.2;27.6;19.4;19.4;44.7;32.9;48.3;6.0;42.5;35.5;35.0;54.7;12.5;26.4;26.0;37.4;45.5;46.9;26.1;26.1;16.2;34.6;9.6;18.1;4.2;8.2;23.2;16.3
Hohe Str., 74177 Bad Friedrichshall-Jagstfeld;22.8;21.1;12.7;19.7;10.0;57.9;41.5;59.1;22.1;24.8;50.6;51.5;56.7;2.9;18.9;44.8;11.8;15.5;36.4;6.8;15.9;38.9;12.4;20.9;27.6;30.2;13.0;7.3;9.4;9.4;12.4;26.9;5.8;4.2;14.0;17.7;4.2;7.1;51.2;48.0;13.9;50.5;63.9;256.4;36.4;16.0;16.0;42.7;25.9;12.0;27.9;64.3;58.5;20.2;51.4;38.3;41.2;53.7;44.6;35.6;17.6;14.1;17.0;0.0;22.2;13.7;9.2;45.5;42.0;25.6;27.3;44.2;21.1;47.3;8.6;51.9;54.2;26.3;62.3;62.4;20.0;47.8;37.3;13.5;21.7;28.5;39.0;13.4;16.8;64.3;2.2;13.9;3.3;2.9;34.1;5.3;35.0;17.1;18.8;21.2;0.9;22.0;4.3;6.1;6.1;17.4;45.6;12.7;21.8;19.1;9.0;64.8;63.7;41.4;49.3;34.5;46.0;22.3;14.4;4.0;63.7;25.8;17.9;19.1;47.1;14.9;56.6;30.6;7.3;5.3;16.6;24.7;16.6;75.0;56.4;9.4;30.5;34.6;37.1;38.7;47.4;62.7;18.8;51.2;14.9;8.5;13.8;61.8;49.5;31.4;20.1;56.0;20.0;52.0;66.9;5.2;12.6;12.2;54.4;28.9;55.6;12.6;12.6;22.1;40.9;22.2;1.9;14.3;9.9;24.8;27.3
Hohenlohe Allee 9, 74629 Pfedelbach-Zentrum;20.7;32.4;34.7;28.1;13.4;36.1;21.9;38.6;16.4;39.2;40.6;29.7;44.3;22.6;36.3;28.6;22.4;11.6;19.8;26.0;28.0;16.8;27.9;23.7;18.7;15.7;12.8;22.1;13.2;13.2;10.1;18.8;27.0;22.1;29.0;5.0;26.1;15.3;41.3;36.1;13.2;32.0;41.7;246.7;19.8;33.4;33.4;21.3;39.2;32.8;6.3;45.1;36.3;14.5;31.3;20.5;19.2;31.6;22.8;18.0;4.7;33.3;16.0;22.2;0.0;24.4;30.0;30.7;21.0;12.8;41.8;22.1;33.8;38.0;13.9;31.7;38.6;4.2;40.8;40.4;19.2;25.6;26.3;25.1;38.3;14.8;17.3;22.3;9.8;43.4;20.3;32.0;25.4;22.9;17.7;27.5;14.6;19.2;16.7;21.2;21.4;2.1;25.1;19.4;19.4;30.5;23.4;15.5;27.6;3.1;23.9;50.2;41.7;19.2;28.5;24.6;26.2;37.0;8.0;19.1;41.8;37.7;8.7;12.6;27.2;14.0;44.7;8.8;20.8;24.1;25.0;10.4;7.4;52.8;38.7;28.1;11.7;24.9;15.4;26.6;26.3;50.0;5.4;29.0;22.9;17.5;12.7;49.4;41.3;47.3;11.1;34.9;32.6;40.8;44.9;21.1;23.4;23.1;42.0;43.8;33.6;22.9;22.9;0.3;19.5;8.4;24.1;18.9;19.9;8.0;7.0
Horkheimer Str., 74081 Heilbronn-Sontheim;12.3;8.6;18.1;6.0;12.4;55.4;37.2;63.0;32.1;14.8;60.8;53.4;66.0;16.6;12.6;52.0;2.3;13.0;43.1;9.1;3.6;38.5;5.1;8.5;37.1;37.6;22.2;6.4;17.2;17.2;18.5;36.6;18.4;9.5;5.3;19.6;13.3;13.2;61.5;57.4;11.2;56.2;63.5;267.6;43.1;10.2;10.2;40.4;15.0;13.5;28.0;69.5;58.2;29.8;55.7;44.3;40.4;52.6;43.1;41.6;20.4;11.7;27.7;13.7;24.4;0.0;12.2;53.5;45.3;33.3;17.5;43.8;9.5;57.7;16.8;56.2;61.9;28.4;64.7;63.5;10.2;47.6;46.7;0.9;14.1;36.1;37.4;2.2;15.0;67.5;14.7;9.6;13.9;16.6;40.8;16.1;39.0;7.5;10.8;10.2;13.3;25.4;17.6;8.7;8.7;6.1;46.0;8.9;8.2;22.0;4.9;73.2;64.7;41.3;45.7;44.2;41.3;12.6;19.5;11.3;65.0;14.0;25.1;14.1;51.6;10.7;66.2;33.0;20.4;19.0;3.0;20.7;17.1;74.8;62.7;8.5;27.4;44.4;35.8;47.7;44.4;72.0;19.2;51.0;2.4;8.4;11.8;71.2;60.4;22.9;28.2;59.1;8.3;61.8;68.0;18.5;1.3;1.7;63.7;19.4;54.0;1.6;1.6;24.2;38.7;28.8;14.5;26.3;22.6;22.3;31.2
Im Bisland 6, 74906 Bad Rappenau-Bonfeld;24.2;16.0;6.0;16.8;16.7;64.5;47.1;67.8;31.3;17.4;59.6;59.7;65.8;11.1;10.6;53.9;11.7;20.8;45.5;4.2;12.1;46.2;7.7;20.6;36.8;39.3;22.1;8.7;18.1;18.1;20.9;36.1;9.6;7.9;8.9;25.2;5.2;14.8;60.1;57.1;18.9;59.5;71.4;264.8;45.5;8.1;8.1;49.3;18.9;2.9;35.2;73.3;66.0;29.4;60.2;47.3;48.4;60.9;51.6;44.6;25.3;5.3;26.2;9.2;30.0;12.2;0.0;54.7;50.5;34.8;19.7;51.6;15.2;56.2;17.4;60.7;63.4;34.2;70.7;70.4;21.7;55.3;46.5;11.4;13.5;37.6;45.8;13.3;22.7;72.9;11.4;6.1;6.4;10.8;43.2;6.8;43.6;18.8;21.6;22.2;9.7;30.2;10.1;10.8;10.8;12.2;53.3;16.8;19.8;27.0;8.1;74.0;71.7;48.8;55.4;43.7;51.5;15.0;22.7;11.0;71.8;19.5;26.9;23.6;55.9;19.3;65.7;38.7;15.9;12.3;15.0;30.0;23.4;82.6;65.5;3.6;36.5;43.7;44.0;47.8;53.7;71.8;25.8;58.7;14.4;13.1;19.1;70.8;58.3;22.9;29.2;64.6;14.4;61.1;74.9;13.9;11.7;11.6;63.5;21.0;62.6;12.1;12.2;29.9;47.5;31.2;8.1;23.2;18.6;30.8;35.7
Im Greut, 74673 Mulfingen-Hollenbach;51.4;62.0;57.2;58.1;41.1;41.9;41.3;21.4;23.7;68.0;13.2;24.5;14.0;44.0;63.6;3.5;51.2;41.8;11.0;51.7;57.0;29.8;55.6;54.3;18.2;15.8;32.6;49.2;37.2;37.2;35.1;19.1;47.3;47.7;57.0;34.6;49.6;41.1;13.9;7.6;43.0;10.4;38.4;216.1;11.0;60.6;60.6;35.7;68.4;57.5;31.2;21.9;34.9;25.3;16.0;11.2;31.1;35.3;33.7;13.0;33.6;59.3;28.8;45.5;30.7;53.5;54.7;0.0;18.4;20.3;70.7;30.2;63.0;12.7;37.8;16.4;8.7;28.1;28.4;32.8;49.9;30.6;9.7;54.0;66.1;17.4;33.1;51.5;40.1;27.2;43.3;58.7;48.5;44.3;13.0;49.3;18.6;49.5;47.4;51.8;45.0;29.0;45.8;46.1;46.1;59.4;27.9;44.9;58.0;32.1;51.3;19.7;34.0;28.8;41.5;12.4;43.4;65.6;34.0;44.4;32.7;67.3;28.5;43.2;14.0;44.1;14.7;24.8;39.6;43.7;54.7;40.1;37.3;45.6;12.5;54.2;37.5;12.6;32.3;7.8;39.2;19.4;35.9;31.1;52.5;45.3;42.3;19.0;16.3;75.7;25.7;22.3;61.8;11.8;35.5;41.3;52.3;51.9;11.8;72.6;37.7;51.8;51.8;31.0;35.0;24.7;46.8;32.5;36.9;37.4;23.9
Im Kies 1, 74542 Braunsbach;39.4;53.0;54.7;48.5;34.2;24.6;23.4;17.7;25.6;59.9;31.5;10.2;31.6;41.7;57.3;15.0;43.4;32.3;11.8;46.7;48.9;12.1;48.9;43.4;22.6;16.0;29.9;43.0;32.7;32.7;29.7;23.4;45.9;42.6;49.9;25.9;46.2;35.7;32.3;25.9;34.1;13.4;24.6;231.0;11.8;54.3;54.3;17.5;59.8;53.3;17.9;24.7;19.8;25.7;10.6;9.2;13.0;18.2;15.3;10.3;25.4;54.1;29.2;42.0;21.0;45.3;50.5;18.4;0.0;19.0;62.6;11.8;54.5;30.5;33.4;11.1;22.9;16.9;20.3;21.3;38.8;12.6;21.7;46.0;59.3;17.4;15.4;43.1;30.4;22.4;39.9;52.9;45.3;42.0;12.5;47.0;7.1;39.4;36.5;40.5;41.3;20.4;44.0;40.1;40.1;51.4;9.7;36.4;47.5;23.7;44.8;34.1;22.6;10.6;23.1;22.5;25.1;57.8;27.8;39.5;22.2;58.2;24.5;32.2;7.2;34.7;32.6;12.3;38.5;42.5;45.6;27.1;28.3;34.6;20.2;48.9;22.3;22.9;15.1;20.5;20.8;36.0;26.1;14.0;43.7;38.4;33.5;36.0;34.3;68.2;23.6;14.0;53.3;30.2;25.5;39.5;44.3;44.0;29.7;64.5;20.6;43.8;43.8;21.1;17.0;20.4;43.8;33.4;36.5;24.5;14.8
Im Spitzen, 74670 Forchtenberg-Zentrum;32.7;41.8;37.9;38.1;20.9;41.2;31.6;34.3;6.7;47.8;28.3;29.2;32.9;24.5;43.4;19.2;31.0;22.2;10.8;31.6;36.8;22.6;35.4;34.8;6.1;4.6;12.7;28.9;17.0;17.0;14.9;6.5;28.3;27.6;36.7;15.3;29.8;20.8;29.0;24.3;23.2;25.0;43.5;235.0;10.8;40.4;40.4;28.7;48.2;37.6;16.5;38.8;38.4;6.7;26.6;13.0;24.9;35.4;28.6;10.3;14.1;39.2;10.4;25.6;12.8;33.3;34.8;20.3;19.0;0.0;50.5;26.5;42.8;25.5;17.6;27.2;28.8;12.5;38.7;40.3;30.7;29.1;13.9;33.7;45.9;2.9;24.7;31.4;20.9;39.9;23.4;38.6;28.8;24.9;8.5;29.9;12.3;29.9;28.2;32.7;25.1;10.6;26.6;25.8;25.8;39.2;26.3;25.0;38.3;13.0;31.1;39.9;41.6;23.7;36.0;11.9;35.3;45.4;13.8;24.3;41.1;47.2;8.2;24.4;22.4;24.4;33.1;12.6;20.6;24.7;34.7;23.1;17.9;53.6;30.7;34.1;23.3;12.2;23.0;14.6;33.6;38.8;17.1;31.7;32.5;25.1;22.5;38.1;28.8;55.5;5.6;32.1;41.6;28.9;44.4;22.0;32.1;31.7;30.5;52.3;37.8;31.7;31.6;13.0;27.2;4.8;27.1;14.6;18.2;20.7;8.6
Im Unteren Tal, 74397 Pfaffenhofen;25.4;9.7;22.3;14.5;29.6;70.4;51.7;80.3;48.6;2.7;77.4;70.3;83.0;29.9;9.2;69.4;19.6;30.2;60.5;20.6;13.8;55.0;15.4;20.5;53.9;54.9;38.7;21.8;33.8;33.8;35.6;53.3;29.3;23.8;13.9;37.0;24.4;29.8;78.0;74.3;28.6;73.7;79.4;283.7;60.5;11.6;11.6;55.9;3.1;18.0;45.0;86.9;74.3;46.4;73.0;61.8;56.6;68.4;59.0;59.1;37.8;14.5;43.8;27.3;41.8;17.5;19.7;70.7;62.6;50.5;0.0;60.1;8.1;74.2;33.3;73.5;79.2;45.7;81.6;80.0;24.8;63.8;63.6;16.9;6.3;53.3;53.5;19.5;32.2;84.7;29.2;13.7;25.5;29.7;58.2;26.4;56.4;23.4;26.6;23.6;27.4;42.9;29.6;24.8;24.8;11.4;62.6;26.3;16.5;39.5;19.6;90.4;81.2;57.9;60.3;60.9;55.4;5.2;36.8;26.9;81.6;5.5;42.2;30.6;69.0;27.9;83.1;50.3;34.6;31.7;17.0;36.8;34.5;90.6;80.2;18.0;43.3;61.1;52.0;64.7;59.3;89.0;36.5;67.3;18.9;25.4;29.2;88.2;76.6;5.9;45.2;76.2;9.3;78.6;84.5;32.5;18.6;19.0;80.7;2.0;69.5;19.0;19.1;41.6;54.4;46.1;27.0;41.6;37.2;38.8;48.7
Im Wacholder 1, 74523 Schwäbisch Hall-Hessental;35.2;50.5;56.6;45.6;34.9;14.8;13.0;23.8;33.0;57.6;43.4;11.7;43.3;44.6;56.4;26.8;42.3;31.3;22.6;47.5;47.2;5.4;48.2;39.8;31.5;25.0;34.1;43.2;35.3;35.3;32.2;32.2;49.1;43.7;48.9;26.6;48.1;37.2;44.1;37.8;33.2;24.0;19.9;240.7;22.6;53.7;53.7;6.5;57.2;54.2;16.4;32.3;14.5;32.3;19.3;20.5;3.5;9.5;3.5;20.7;26.7;54.2;35.3;44.2;22.1;43.8;51.6;30.2;11.8;26.5;60.1;0.0;52.1;42.3;36.0;19.5;34.1;18.1;22.4;19.9;35.4;3.7;32.9;44.6;57.9;25.9;6.8;41.7;29.2;26.4;42.4;52.6;47.4;45.0;22.6;49.5;15.0;36.9;33.6;36.7;43.4;22.7;47.1;40.8;40.8;49.6;3.2;35.5;43.9;25.2;44.6;44.8;21.0;2.9;11.3;33.1;13.6;55.9;30.0;40.9;21.6;55.2;28.9;29.7;17.7;33.3;44.2;14.7;42.6;46.1;43.3;23.3;28.2;31.1;30.3;49.2;16.9;33.6;8.1;31.8;9.0;47.3;25.8;7.2;41.8;38.6;32.8;47.4;46.0;65.9;29.3;18.8;51.1;42.0;24.4;43.0;43.1;42.9;41.4;62.1;11.6;42.6;42.5;22.1;6.9;25.7;46.1;39.1;41.2;21.5;19.0
Im Wiesental, 74336 Brackenheim-Zentrum;17.8;2.0;19.7;6.7;21.9;62.8;44.2;72.2;41.3;5.5;70.1;62.2;75.5;23.8;7.7;61.5;11.8;22.2;52.6;14.6;5.9;47.0;8.7;12.9;46.4;47.1;31.4;14.6;26.4;26.4;28.0;45.9;24.2;17.1;7.1;29.0;18.9;22.4;70.8;66.8;20.5;65.6;71.6;276.7;52.6;7.8;7.8;48.1;5.5;14.7;36.9;78.8;66.3;39.1;64.9;53.8;48.7;60.5;51.1;51.1;29.8;11.2;36.7;21.1;33.8;9.5;15.2;63.0;54.5;42.8;8.1;52.1;0.0;67.0;26.0;65.4;71.4;37.6;73.5;72.0;16.9;55.9;56.1;9.0;7.1;45.6;45.5;11.5;24.1;76.6;22.6;9.3;19.9;23.7;50.3;21.5;48.3;15.3;18.6;15.9;20.9;34.9;24.0;17.5;17.5;3.8;54.5;18.3;9.3;31.4;12.5;82.7;73.2;49.8;52.8;53.5;48.0;4.0;29.0;19.8;73.6;4.8;34.6;22.6;60.9;19.8;75.6;42.2;28.3;25.9;8.9;28.8;26.4;82.8;72.2;12.4;35.3;53.7;44.1;57.1;51.7;81.5;28.4;59.3;10.8;17.7;21.1;80.7;69.5;13.8;37.6;68.1;1.2;71.2;76.5;26.3;10.7;11.1;73.2;10.1;61.8;11.1;11.2;33.5;46.6;38.3;21.2;34.8;30.8;30.8;40.6
Im Wolfental, 97980 Bad Mergentheim-Neunkirchen;58.2;66.3;57.5;63.0;45.5;54.5;52.4;33.0;25.7;71.5;3.4;37.2;10.8;45.2;66.2;16.1;55.4;47.6;20.5;54.0;61.1;41.2;58.8;60.2;20.7;22.4;35.6;52.5;40.6;40.6;39.4;21.1;47.6;50.4;60.4;40.9;51.0;44.6;3.9;5.7;48.4;22.6;51.0;209.9;20.5;63.2;63.2;47.4;72.3;58.9;40.3;31.2;47.6;27.9;28.5;22.0;42.8;48.0;45.6;22.8;39.6;61.3;30.4;47.3;38.0;57.7;56.2;12.7;30.5;25.5;74.2;42.3;67.0;0.0;41.0;28.9;15.7;36.6;40.4;45.2;56.2;43.0;11.7;58.1;68.9;23.2;44.3;56.1;46.4;38.4;45.3;61.2;49.9;45.5;21.7;50.0;29.1;55.2;53.7;58.2;47.1;36.0;46.4;49.5;49.5;63.2;40.2;50.0;63.5;38.5;54.7;20.6;46.3;40.6;53.6;13.7;54.9;69.0;38.8;47.3;44.9;71.6;33.1;50.0;26.7;49.8;10.2;34.3;40.4;44.2;59.5;48.2;43.4;57.6;22.2;56.6;46.9;13.5;43.3;11.6;51.2;16.5;42.6;43.7;57.3;49.4;47.8;15.2;3.7;78.7;29.8;34.7;65.8;5.9;47.6;42.4;56.4;56.0;9.3;75.9;50.3;56.1;56.1;38.3;46.5;30.3;48.2;33.1;37.6;45.6;32.1
In den Mühlgärten 9, 74196 Neuenstadt am Kocher-Kochertürn;21.0;25.3;21.3;22.4;5.7;50.0;34.6;50.5;15.3;30.6;44.2;42.9;49.7;8.7;25.9;36.8;14.5;10.8;28.2;14.0;20.1;30.7;18.0;21.1;20.5;22.1;5.4;11.6;0.7;0.7;3.8;20.0;13.1;10.0;19.5;9.9;12.8;3.6;44.8;41.0;10.1;42.1;55.5;250.8;28.2;22.8;22.8;35.0;31.3;20.3;19.9;55.8;50.1;13.1;42.8;29.9;33.1;45.5;36.6;27.2;9.4;21.7;10.9;8.6;13.9;16.8;17.4;37.8;33.4;17.6;33.3;36.0;26.0;41.0;0.0;43.4;46.4;17.9;53.7;53.8;18.4;39.5;30.3;17.1;28.4;20.4;31.1;15.4;11.2;55.7;6.5;21.0;11.9;9.0;25.8;13.7;26.3;16.2;16.3;20.1;7.9;13.5;11.2;8.5;8.5;22.2;37.2;10.5;23.5;10.8;13.7;57.3;55.2;33.1;41.9;27.6;39.0;28.2;5.9;6.7;55.1;30.6;9.5;14.7;38.5;11.6;49.7;22.0;7.7;10.3;18.9;18.6;9.7;66.5;48.2;16.5;23.5;27.8;29.2;31.4;39.8;55.7;11.5;42.8;16.7;8.5;9.7;54.9;43.6;38.1;12.1;47.4;24.8;45.3;58.3;7.4;15.5;15.1;47.4;35.1;47.5;15.2;15.2;13.9;33.2;13.8;10.4;10.2;8.0;18.0;18.6
Jahnstr., 74582 Gerabronn;50.5;64.0;64.5;59.5;44.8;27.2;32.4;7.1;33.1;70.9;28.6;9.5;26.1;51.3;67.9;13.4;54.2;43.3;17.0;57.0;59.8;21.9;59.6;54.4;28.8;23.1;39.3;53.5;42.7;42.7;39.8;29.7;55.3;53.0;60.7;36.6;56.1;45.9;29.3;23.3;45.0;6.3;22.1;221.2;17.0;65.0;65.0;25.9;70.8;63.6;29.0;13.7;19.2;33.8;0.6;14.4;21.9;21.0;22.9;17.0;36.0;64.6;37.6;51.9;31.7;56.2;60.7;16.4;11.1;27.2;73.5;19.5;65.4;28.9;43.4;0.0;16.2;27.8;12.5;16.4;49.8;18.0;24.0;56.9;70.0;24.9;25.0;54.0;41.3;12.7;49.7;63.5;55.2;51.6;18.9;56.7;17.3;50.4;47.6;51.6;51.3;30.9;53.5;50.6;50.6;62.3;16.4;47.3;58.5;34.4;55.4;25.7;17.6;19.6;29.7;26.0;33.0;68.7;38.0;49.7;16.4;69.2;34.0;43.3;4.9;45.7;27.3;23.2;47.7;51.8;56.6;38.1;39.1;29.4;11.1;59.3;33.1;26.4;25.2;22.3;27.7;29.1;37.0;17.2;54.6;49.0;44.4;29.4;32.3;79.1;32.5;6.0;64.3;26.4;19.3;48.9;55.2;54.8;24.7;75.5;23.1;54.7;54.6;31.9;26.1;29.8;53.6;41.7;45.4;35.6;25.2
Kanalweg, 97996 Niederstetten-Zentrum;59.2;70.3;65.9;66.3;49.6;43.4;46.3;18.3;32.4;76.5;14.1;25.7;10.0;52.7;72.2;10.0;59.6;49.9;18.9;60.3;65.5;34.9;64.2;62.3;26.9;24.3;41.3;57.8;45.8;45.8;43.7;27.7;56.0;56.4;65.5;42.8;58.3;49.7;14.6;10.3;51.2;10.3;37.6;208.8;18.9;69.2;69.2;40.2;76.9;66.2;38.3;15.5;35.2;34.0;16.1;18.2;35.8;37.1;37.6;20.6;41.8;68.0;37.5;54.2;38.6;61.9;63.4;8.7;22.9;28.8;79.2;34.1;71.4;15.7;46.4;16.2;0.0;35.6;25.9;31.3;57.8;33.5;17.9;62.4;74.7;26.0;38.2;59.9;48.2;23.2;52.0;67.4;57.2;53.0;21.1;58.0;25.3;57.6;55.3;59.7;53.7;37.0;54.5;54.7;54.7;67.9;31.3;53.3;66.1;40.3;59.9;11.7;32.3;33.3;45.0;20.8;47.7;74.1;42.4;53.1;30.7;75.7;37.1;51.1;16.4;52.3;11.2;31.8;48.3;52.4;63.0;47.5;45.5;42.8;6.7;62.9;44.1;20.9;37.8;16.2;42.9;13.2;43.9;33.2;60.8;53.8;50.6;13.4;18.2;84.3;34.3;21.2;70.2;11.3;33.0;50.0;60.7;60.3;8.8;81.1;39.3;60.3;60.2;38.8;39.9;33.1;55.5;41.2;45.6;44.7;31.6
Keltergasse, 74613 Öhringen-Michelbach;23.6;36.3;38.9;31.8;17.6;32.5;19.7;34.6;17.6;43.1;38.9;25.5;42.0;26.6;40.4;25.8;26.5;15.5;17.2;30.2;32.0;13.0;32.0;27.0;18.6;14.3;16.1;26.3;17.2;17.2;14.1;18.9;31.0;26.3;33.0;9.2;30.3;19.5;39.7;34.1;17.2;28.4;37.6;244.2;17.2;37.5;37.5;18.1;43.0;37.0;4.1;41.3;32.2;16.1;27.3;17.4;15.4;27.7;19.1;15.2;8.9;37.5;18.3;26.3;4.2;28.4;34.2;28.1;16.9;12.5;45.7;18.1;37.6;36.6;17.9;27.8;35.6;0.0;36.6;36.2;22.4;21.6;25.0;29.1;42.4;13.9;14.0;26.3;13.5;39.2;24.4;36.1;29.6;26.9;15.3;31.6;10.9;22.7;20.1;24.3;25.5;4.6;29.0;23.6;23.6;34.5;19.3;19.5;31.0;7.3;28.0;47.3;37.5;15.2;25.4;23.6;23.7;40.9;12.0;23.3;37.6;41.5;11.3;15.8;23.3;17.9;42.5;4.6;24.5;27.9;28.8;12.0;11.4;48.6;35.2;32.3;10.8;24.0;12.1;25.0;23.1;47.5;9.2;24.9;26.8;21.7;16.6;47.1;40.1;51.3;12.7;30.8;36.5;38.8;40.7;24.9;27.4;27.1;39.7;47.7;29.7;26.9;26.9;4.3;16.3;9.3;28.2;21.7;23.3;9.2;4.5
Kernmühlenweg, 74589 Satteldorf-Neidenfels;57.2;72.0;75.0;67.2;54.2;22.3;34.6;7.6;45.0;79.1;39.6;11.3;35.6;62.0;77.0;25.7;62.9;51.7;29.2;66.8;68.2;26.9;68.6;61.6;41.0;34.9;50.2;62.9;53.0;53.0;50.0;41.9;66.2;62.8;69.5;45.8;66.4;55.9;40.2;34.7;53.6;18.0;12.8;221.5;29.2;74.1;74.1;28.3;78.8;73.5;36.7;14.4;13.0;45.4;13.0;26.4;25.8;18.1;24.8;28.8;45.4;74.1;49.1;62.3;40.8;64.7;70.7;28.4;20.3;38.7;81.6;22.4;73.5;40.4;53.7;12.5;25.9;36.6;0.0;6.2;57.1;19.2;36.5;65.5;78.8;36.7;29.2;62.5;49.7;4.8;60.2;72.8;65.6;62.3;30.9;67.3;27.4;58.2;55.1;58.6;61.6;40.5;64.3;60.2;60.2;70.7;19.5;55.9;65.8;43.8;64.7;32.0;6.7;24.1;28.9;38.4;33.5;77.1;48.0;59.7;5.0;76.9;44.7;51.0;16.8;54.0;36.9;32.1;58.8;62.8;64.6;45.0;48.0;17.2;19.3;68.9;39.0;38.8;30.2;34.7;27.8;36.9;45.7;16.3;62.9;58.3;53.1;37.7;43.5;87.4;43.7;6.7;72.4;37.0;7.2;59.8;63.8;63.5;34.7;83.6;19.1;63.3;63.2;41.0;29.2;40.6;64.1;53.3;56.7;42.8;35.1
Kirchstr., 74564 Crailsheim;55.1;70.3;75.1;65.5;53.8;16.6;30.9;13.3;46.8;77.5;44.7;11.1;41.2;62.4;76.0;29.8;61.9;50.7;31.7;66.4;66.9;25.0;67.7;59.7;43.3;36.9;50.9;62.3;53.1;53.1;50.1;44.2;66.7;62.5;68.5;45.3;66.5;55.7;45.3;39.6;52.6;22.5;6.6;227.1;31.7;73.2;73.2;25.0;77.1;73.2;35.6;20.6;7.5;47.0;16.8;28.9;23.4;13.5;21.6;30.9;45.1;73.5;50.5;62.4;40.4;63.5;70.4;32.8;21.3;40.3;80.0;19.9;72.0;45.2;53.8;16.4;31.3;36.2;6.2;0.0;55.3;16.3;40.1;64.3;77.6;38.5;26.7;61.3;48.7;10.9;60.4;72.0;65.7;62.7;33.1;67.6;28.3;56.7;53.4;56.6;61.7;40.4;64.8;59.7;59.7;69.4;17.5;54.9;63.8;43.5;63.9;38.1;1.3;22.2;24.3;41.7;29.2;75.7;48.0;59.5;2.0;75.1;45.4;49.5;19.8;52.9;42.4;31.9;59.5;63.4;63.1;43.2;47.2;13.4;24.9;68.3;36.8;42.1;28.0;38.4;23.6;42.9;44.9;12.9;61.5;57.7;52.2;43.6;48.5;85.8;44.8;10.5;70.9;42.3;4.6;60.4;62.7;62.4;40.1;81.9;13.9;62.2;62.1;40.5;26.2;41.5;64.3;54.6;57.7;41.2;35.4
Kirschenwiesen, 74232 Abstatt-Zentrum;2.8;15.1;27.8;10.3;12.7;45.9;27.4;56.3;31.7;22.4;59.1;45.8;63.3;22.4;22.3;47.9;10.0;8.7;39.0;18.0;12.7;30.3;15.3;4.6;35.8;34.5;22.7;13.8;18.3;18.3;17.9;35.6;25.6;16.4;15.3;15.4;21.3;15.5;59.8;54.9;8.4;50.9;54.7;265.7;39.0;20.2;20.2;31.2;21.8;23.5;20.9;63.5;49.5;29.3;49.4;39.6;31.9;43.6;34.2;37.2;16.6;21.9;28.4;20.0;19.2;10.2;21.7;49.9;38.8;30.7;24.8;35.4;16.9;56.2;18.4;49.8;57.8;22.4;57.1;55.3;0.0;39.0;44.7;11.0;23.2;33.3;28.7;8.5;9.9;60.4;19.8;19.8;21.5;22.6;36.9;24.1;33.3;3.0;2.5;2.0;19.2;20.9;24.3;13.8;13.8;14.9;37.9;7.9;8.7;17.9;13.6;69.4;56.4;33.2;36.0;42.5;31.5;20.8;17.8;16.2;56.9;19.8;23.4;6.7;45.6;6.9;63.7;26.8;24.8;25.0;8.5;12.1;12.8;65.9;57.7;18.3;18.5;42.8;27.3;45.3;34.8;69.1;14.0;42.5;7.7;11.6;9.0;68.5;59.3;30.6;26.7;52.0;15.9;59.5;59.8;23.3;10.2;10.2;61.0;26.7;44.9;9.7;9.6;19.0;29.7;26.0;21.5;28.5;26.0;14.4;26.2
Ladestr. 5, 74523 Schwäbisch Hall-Sulzdorf;38.8;54.2;60.3;49.3;38.6;12.3;15.5;21.4;35.8;61.4;43.7;9.2;43.0;48.2;60.1;27.1;46.1;35.0;24.1;51.2;50.9;9.1;51.9;43.4;33.8;27.2;37.4;46.9;38.8;38.8;35.7;34.6;52.6;47.4;52.7;30.2;51.7;40.9;44.5;38.1;36.9;23.2;16.1;238.7;24.1;57.4;57.4;9.1;60.9;57.9;20.1;30.0;10.7;35.2;18.0;21.7;7.2;6.3;5.6;22.4;30.3;57.9;38.4;47.8;25.6;47.6;55.3;30.6;12.6;29.1;63.8;3.7;55.9;43.0;39.5;18.0;33.5;21.6;19.2;16.3;39.0;0.0;34.2;48.4;61.6;28.3;10.4;45.4;33.0;23.4;45.9;56.4;51.0;48.5;24.4;53.1;17.2;40.6;37.3;40.4;47.0;26.1;50.7;44.5;44.5;53.3;3.0;39.2;47.6;28.8;48.3;43.7;17.4;6.5;11.6;34.8;15.2;59.6;33.6;44.6;18.0;58.9;32.2;33.4;17.2;37.1;44.0;18.0;46.0;49.5;47.0;27.0;31.9;27.4;29.1;52.9;20.6;35.2;11.8;33.0;9.7;46.7;29.5;3.5;45.5;42.3;36.5;46.9;46.7;69.6;32.4;16.3;54.8;42.1;20.8;46.5;46.9;46.6;41.2;65.8;8.6;46.3;46.2;25.7;10.0;28.8;49.7;42.2;44.5;25.2;22.1
Laibacher Str., 74238 Krautheim-Klepsau;46.6;55.3;48.5;51.8;34.4;46.3;41.7;30.1;15.2;60.9;14.4;30.4;19.4;35.6;56.0;11.1;44.4;36.1;10.2;43.8;50.2;30.9;48.3;48.8;9.8;10.7;24.9;41.8;29.8;29.8;28.2;10.4;38.6;40.0;49.7;29.3;41.3;33.8;15.1;10.7;37.0;19.0;45.0;221.1;10.2;52.9;52.9;37.2;61.5;49.2;28.7;31.5;40.8;17.3;23.5;12.5;32.7;39.9;35.9;12.3;28.0;51.4;20.3;37.3;26.3;46.7;46.5;9.7;21.7;13.9;63.6;32.9;56.1;11.7;30.3;24.0;17.9;25.0;36.5;40.1;44.7;34.2;0.0;47.1;58.6;11.5;33.8;45.0;34.8;35.9;35.2;51.0;40.2;35.9;10.7;40.7;18.5;43.8;42.2;46.7;37.0;24.3;37.1;38.8;38.8;52.4;31.3;38.7;52.2;26.9;44.0;27.6;41.3;30.7;43.9;2.9;44.6;58.4;27.5;36.8;40.3;60.7;21.8;38.3;20.3;38.3;19.5;23.1;30.9;35.0;48.3;36.5;31.9;53.3;22.2;46.4;35.5;3.0;32.6;1.9;41.4;25.5;31.0;35.7;46.1;38.4;36.3;24.6;15.1;68.3;18.5;30.0;54.9;15.1;43.3;32.8;45.5;45.1;17.1;65.4;42.3;45.1;45.1;26.6;36.1;18.7;38.4;23.7;28.2;33.9;20.5
Lange Wiesen 1, 74081 Heilbronn-Klingenberg;13.1;8.3;17.4;6.2;12.8;56.3;38.1;63.7;32.4;14.2;61.2;54.2;66.5;16.4;11.8;52.5;2.8;13.7;43.6;8.5;3.1;39.3;4.3;9.2;37.5;38.1;22.5;6.3;17.5;17.5;18.9;37.0;18.0;9.3;4.4;20.2;12.8;13.5;61.8;57.8;11.9;56.8;64.4;267.9;43.6;9.3;9.3;41.2;14.5;12.7;28.8;70.1;59.0;30.1;56.4;44.9;41.2;53.4;44.0;42.2;21.0;10.8;27.9;13.5;25.1;0.9;11.4;54.0;46.0;33.7;16.9;44.6;9.0;58.1;17.1;56.9;62.4;29.1;65.5;64.3;11.0;48.4;47.1;0.0;13.4;36.6;38.3;3.0;15.7;68.3;14.6;8.8;13.5;16.4;41.3;15.7;39.6;8.4;11.7;11.0;13.2;26.1;17.3;8.8;8.8;5.5;46.8;9.6;8.7;22.6;4.6;73.7;65.5;42.2;46.6;44.6;42.2;11.9;20.0;11.4;65.8;13.6;25.5;15.0;52.3;11.4;66.6;33.7;20.4;18.8;3.6;21.6;17.7;75.6;63.3;7.8;28.3;44.7;36.7;48.1;45.2;72.5;19.9;51.8;3.3;8.7;12.5;71.6;60.7;22.2;28.6;59.8;7.8;62.2;68.8;18.4;1.7;2.1;64.2;18.8;54.9;2.2;2.2;24.9;39.6;29.3;14.2;26.4;22.6;23.1;31.9
Lindenstr., 74193 Schwaigern-Niederhofen;24.5;9.0;16.0;13.5;25.4;69.1;50.6;76.9;43.5;4.7;72.2;67.5;78.0;24.1;2.9;65.0;15.9;27.1;56.2;14.9;10.8;52.6;10.6;19.6;48.8;50.4;33.7;17.0;29.0;29.0;31.1;48.2;23.1;18.6;9.4;33.4;18.4;25.1;72.8;69.3;25.2;69.7;77.6;278.0;56.2;5.7;5.7;54.3;6.6;11.7;42.2;83.2;72.3;41.4;69.5;57.7;54.5;66.6;57.1;55.0;34.0;8.3;38.5;21.7;38.3;14.1;13.5;66.1;59.3;45.9;6.3;57.9;7.1;68.9;28.4;70.0;74.7;42.4;78.8;77.6;23.2;61.6;58.6;13.4;0.0;48.8;51.5;16.3;29.1;81.6;23.7;7.8;19.6;23.9;53.9;20.3;52.8;21.2;24.5;22.5;21.9;39.1;23.6;20.1;20.1;8.4;60.2;22.9;16.3;35.7;14.9;85.7;78.8;55.5;59.3;55.9;54.6;3.5;32.5;21.8;79.2;8.5;37.7;28.2;65.4;24.8;78.0;47.0;28.9;25.7;14.8;34.7;31.0;88.8;76.1;12.3;41.3;56.0;49.9;59.8;58.0;84.1;33.2;65.1;16.2;21.1;25.8;83.2;71.2;9.7;40.5;73.1;7.6;73.5;82.2;26.8;15.0;15.3;75.7;7.4;67.9;15.5;15.6;38.1;52.6;41.7;21.2;36.0;31.6;36.4;44.9
Lindenstr., 74679 Weißbach-Zentrum;35.1;44.7;40.6;40.9;23.8;40.6;32.3;31.9;8.4;50.6;25.8;27.6;30.1;27.3;46.3;16.4;33.8;24.9;8.1;34.4;39.7;22.5;38.2;37.5;5.6;1.8;15.5;31.8;19.8;19.8;17.7;6.3;31.0;30.4;39.6;17.9;32.6;23.7;26.6;21.6;25.9;22.3;42.0;232.4;8.1;43.2;43.2;28.8;51.1;40.4;17.8;36.1;37.1;9.0;24.3;10.5;24.8;34.5;28.4;7.9;16.7;42.1;12.7;28.5;14.8;36.1;37.6;17.4;17.4;2.9;53.3;25.9;45.6;23.2;20.4;24.9;26.0;13.9;36.7;38.5;33.3;28.3;11.5;36.6;48.8;0.0;24.9;34.2;23.4;37.6;26.2;41.4;31.6;27.6;6.0;32.7;11.2;32.6;30.8;35.3;27.9;12.8;29.3;28.7;28.7;42.0;25.4;27.7;41.0;15.5;33.9;37.1;39.9;23.3;36.0;9.8;35.7;48.2;16.6;27.1;39.3;50.0;11.1;26.9;20.1;27.1;30.4;13.0;23.2;27.4;37.5;25.1;20.5;51.9;27.9;36.9;24.6;10.2;23.4;11.9;33.5;36.0;19.5;30.7;35.3;27.9;25.2;35.3;26.5;58.4;8.4;29.9;44.4;26.2;42.5;24.7;34.9;34.5;27.8;55.2;36.9;34.5;34.5;15.1;27.4;7.4;29.9;16.9;20.8;22.6;9.6
Luckenbacher Str. 42, 74523 Schwäbisch Hall-Bibersfeld;28.4;43.8;51.1;39.0;29.3;18.9;8.2;30.1;30.8;51.0;45.8;18.2;46.8;39.7;50.1;29.8;36.1;25.2;23.8;41.7;40.7;3.3;42.0;33.1;30.4;24.4;30.0;37.3;30.4;30.4;27.4;31.0;44.1;38.0;42.6;21.3;42.6;31.9;46.6;40.3;27.1;28.6;26.1;246.1;23.8;47.4;47.4;4.1;50.5;48.4;11.1;38.3;20.8;29.7;24.7;22.3;3.4;15.2;5.7;21.6;21.6;48.1;32.2;39.0;17.3;37.4;45.8;33.1;15.4;24.7;53.5;6.8;45.5;44.3;31.1;25.0;38.2;14.0;29.2;26.7;28.7;10.4;33.8;38.3;51.5;24.9;0.0;35.3;23.2;33.0;37.2;46.5;42.1;40.0;23.1;44.3;15.3;30.3;27.0;30.0;38.1;18.4;42.2;35.0;35.0;43.1;9.7;29.4;37.2;20.4;38.5;49.4;27.8;5.4;11.5;33.5;10.9;49.3;25.3;35.4;28.4;48.5;25.2;23.3;22.3;27.1;47.6;12.1;38.2;41.3;36.8;16.8;22.5;37.4;35.3;43.3;10.2;33.9;1.9;33.1;9.1;51.3;20.2;13.8;35.3;32.7;26.8;51.3;48.0;59.3;26.4;25.1;44.5;44.8;31.2;38.4;36.8;36.6;44.7;55.4;16.8;36.3;36.2;17.3;2.5;22.8;40.9;35.6;37.1;15.2;16.3
Max-von-Laue-Str. 1-3, 74081 Heilbronn-Sontheim;10.9;10.4;19.3;7.0;10.6;53.3;35.2;60.8;30.5;16.9;59.2;51.2;64.3;16.2;14.8;50.0;1.7;10.8;41.1;9.8;5.7;36.4;6.9;7.7;35.4;35.7;20.6;6.2;15.7;15.7;16.8;35.0;18.5;9.2;7.3;17.5;13.6;11.8;59.8;55.6;9.1;54.1;61.4;266.0;41.1;12.2;12.2;38.3;17.0;15.0;25.9;67.4;56.1;28.2;53.5;42.3;38.2;50.5;41.0;39.6;18.3;13.5;26.3;13.4;22.3;2.2;13.3;51.5;43.1;31.4;19.5;41.7;11.5;56.1;15.4;54.0;59.9;26.3;62.5;61.3;8.5;45.4;45.0;3.0;16.3;34.2;35.3;0.0;12.8;65.4;14.0;11.5;14.0;16.2;38.8;16.5;36.9;5.7;8.8;8.9;12.9;23.4;17.5;7.8;7.8;8.2;43.9;6.8;8.6;19.9;5.4;71.3;62.5;39.2;43.7;42.5;39.4;14.7;17.6;10.5;62.9;15.8;23.3;12.0;49.5;8.5;64.4;30.9;19.7;18.7;3.5;18.6;14.9;72.6;60.7;9.8;25.3;42.7;33.7;45.9;42.3;70.2;17.0;48.9;1.5;6.9;9.7;69.4;58.8;25.0;26.4;56.9;10.3;60.1;65.9;17.9;1.7;1.7;61.9;21.5;51.9;1.2;1.1;22.1;36.6;26.9;14.4;25.1;21.7;20.2;29.1
Michelbachstr., 74182 Obersulm-Affaltrach;11.9;22.7;28.1;18.3;6.9;41.9;24.8;48.1;22.2;29.6;49.2;38.4;53.5;18.4;27.3;38.2;13.2;2.0;29.3;18.5;18.6;23.9;19.0;14.1;26.0;24.6;14.1;14.0;10.9;10.9;9.3;25.9;22.5;15.1;19.9;5.6;19.9;10.1;49.9;45.0;3.9;41.7;49.1;255.8;29.3;24.5;24.5;26.6;29.5;25.2;13.1;54.8;43.7;19.9;40.8;30.2;25.9;38.4;29.0;27.6;6.8;25.0;19.5;16.8;9.8;15.0;22.7;40.1;30.4;20.9;32.2;29.2;24.1;46.4;11.2;41.3;48.2;13.5;49.7;48.7;9.9;33.0;34.8;15.7;29.1;23.4;23.2;12.8;0.0;52.6;15.6;23.4;19.6;18.7;27.1;22.0;24.3;9.4;7.3;11.9;16.0;11.2;20.7;12.0;12.0;21.0;31.3;6.3;17.9;8.0;15.4;59.8;49.9;26.6;32.8;32.7;29.2;27.5;8.4;12.9;50.2;28.0;13.7;3.9;36.8;4.4;53.8;18.1;18.8;20.6;15.3;7.8;3.0;60.3;48.4;20.0;13.9;33.0;21.5;35.4;31.1;59.3;4.4;36.4;13.3;9.5;3.6;58.7;49.5;37.8;17.0;44.1;23.0;49.7;53.2;18.1;14.1;13.8;51.2;34.2;40.0;13.6;13.5;9.5;24.8;16.1;18.7;20.5;19.2;8.2;16.8
Mittelgasse 24, 74599 Wallhausen-Hengstfeld;60.7;75.1;77.0;70.4;56.7;27.2;38.9;5.9;45.9;82.1;37.3;14.8;32.6;63.8;79.7;24.9;65.7;54.6;29.7;69.1;71.1;30.6;71.3;64.9;41.5;35.8;51.8;65.4;55.0;55.0;52.1;42.4;67.9;65.1;72.3;48.3;68.5;58.1;37.8;32.8;56.4;17.0;17.3;216.7;29.7;76.7;76.7;32.5;81.9;75.7;39.7;10.0;17.8;46.6;13.3;27.1;29.7;22.8;29.0;29.7;47.9;76.5;50.3;64.3;43.4;67.5;72.9;27.2;22.4;39.9;84.7;26.4;76.6;38.4;55.7;12.7;23.2;39.2;4.8;10.9;60.4;23.4;35.9;68.3;81.6;37.6;33.0;65.4;52.6;0.0;62.1;75.3;67.6;64.1;31.7;69.1;29.4;61.3;58.3;62.0;63.6;42.8;66.0;62.6;62.6;73.6;23.3;58.7;69.1;46.2;67.2;28.1;11.1;27.8;33.5;38.1;38.1;80.0;50.2;61.9;9.3;80.1;46.5;54.1;17.5;56.9;33.9;34.6;60.3;64.4;67.7;48.3;50.6;19.8;16.5;71.3;42.6;38.5;33.9;34.1;32.4;33.3;48.4;20.8;65.8;60.8;55.8;34.2;41.3;90.4;45.1;8.5;75.5;34.6;10.5;61.4;66.6;66.3;31.9;86.6;23.9;66.1;66.1;43.5;33.3;42.3;66.0;54.4;58.1;46.0;37.2
Mörikestr. 37, 74229 Oedheim;22.7;22.4;14.8;20.7;8.8;56.2;40.1;56.9;20.0;26.6;48.5;49.5;54.5;2.8;20.9;42.6;12.6;14.4;34.2;8.7;17.2;37.1;14.0;21.2;25.4;28.0;10.7;8.3;7.3;7.3;10.3;24.8;7.0;5.5;15.6;15.9;6.4;5.6;49.1;45.9;13.0;48.3;61.9;254.5;34.2;17.9;17.9;41.0;27.6;14.2;26.2;62.1;56.6;18.0;49.2;36.1;39.4;51.9;42.9;33.3;15.7;16.2;14.9;2.2;20.3;14.7;11.4;43.3;39.9;23.4;29.2;42.4;22.6;45.3;6.5;49.7;52.0;24.4;60.2;60.4;19.8;45.9;35.2;14.6;23.7;26.2;37.2;14.0;15.6;62.1;0.0;15.9;5.4;3.0;31.9;7.2;32.8;17.1;18.4;21.2;1.8;20.0;5.1;6.3;6.3;18.9;43.7;12.2;22.6;17.2;10.3;62.6;61.7;39.5;47.8;32.4;44.5;24.1;12.4;3.7;61.6;27.4;15.7;18.2;44.9;14.2;54.5;28.5;5.8;5.2;17.4;23.4;15.0;73.0;54.1;11.3;29.1;32.5;35.3;36.5;45.8;60.6;17.2;49.2;15.5;8.3;12.8;59.6;47.5;33.4;17.8;53.9;21.5;49.9;64.8;3.8;13.4;13.1;52.3;30.8;53.8;13.4;13.4;20.2;39.2;20.0;3.9;12.4;8.2;23.3;25.1
Mühlweg, 74193 Schwaigern-Massenbach;21.8;10.4;10.4;12.4;18.7;64.8;46.7;70.5;35.8;11.3;64.5;61.6;70.4;16.3;5.0;57.7;10.5;21.4;49.1;7.2;7.9;47.3;4.6;17.5;41.2;43.1;26.2;9.9;21.6;21.6;23.9;40.6;15.6;11.0;4.6;27.0;10.7;17.8;65.1;61.7;19.4;62.8;72.4;270.3;49.1;2.1;2.1;49.6;12.8;5.3;36.4;76.4;67.1;33.8;62.9;50.6;49.3;61.6;52.2;47.9;27.5;2.2;30.8;13.9;32.0;9.6;6.1;58.7;52.9;38.6;13.7;52.6;9.3;61.2;21.0;63.5;67.4;36.1;72.8;72.0;19.8;56.4;51.0;8.8;7.8;41.4;46.5;11.5;23.4;75.3;15.9;0.0;11.8;16.1;46.7;12.8;46.2;17.1;20.4;19.7;14.1;32.5;15.9;12.9;12.9;7.0;54.6;17.1;15.6;29.1;8.1;78.3;73.2;50.0;55.2;48.2;50.9;8.9;25.5;14.3;73.5;13.5;30.4;23.3;58.7;19.4;70.4;40.7;21.1;18.0;11.7;30.0;24.8;83.7;69.0;4.6;36.6;48.3;44.8;52.2;53.7;76.4;27.1;59.8;12.1;14.5;19.8;75.5;63.4;17.5;33.1;66.9;8.8;65.8;76.6;19.0;9.9;10.0;68.1;15.1;63.2;10.4;10.5;31.8;47.9;34.5;13.4;28.2;23.8;31.3;38.3
Mühlweg, 74254 Offenau-Zentrum;24.2;20.2;9.4;19.6;12.9;61.0;44.3;62.3;25.0;23.1;53.2;54.8;59.4;4.7;16.7;47.9;12.4;18.0;39.6;5.3;15.4;42.1;11.3;21.8;30.5;33.4;16.1;7.9;12.6;12.6;15.6;29.8;4.5;5.1;12.9;20.8;1.2;10.2;53.8;50.8;16.3;53.7;67.1;258.5;39.6;13.9;13.9;45.7;24.3;9.1;31.1;67.5;61.7;23.2;54.7;41.5;44.4;56.9;47.7;38.8;20.8;11.6;19.9;3.3;25.4;13.9;6.4;48.5;45.3;28.8;25.5;47.4;19.9;49.9;11.9;55.2;57.2;29.6;65.6;65.7;21.5;51.0;40.2;13.5;19.6;31.6;42.1;14.0;19.6;67.6;5.4;11.8;0.0;4.4;37.3;2.6;38.2;18.5;20.6;22.5;4.0;25.3;4.1;8.0;8.0;16.4;48.8;14.8;22.1;22.3;9.0;67.7;67.0;44.6;52.3;37.3;48.8;20.6;17.7;6.7;67.0;24.6;21.2;21.5;50.4;17.2;59.3;33.8;9.5;6.2;16.9;27.3;19.5;78.2;59.5;7.6;33.4;37.4;40.2;41.5;50.4;65.5;21.9;54.4;15.5;10.6;16.3;64.5;51.9;29.2;23.2;59.3;18.9;54.7;70.2;7.5;12.9;12.6;57.2;26.9;58.7;13.1;13.1;25.3;43.9;25.5;1.7;16.8;12.2;27.6;30.5
Mühlweg, 74831 Gundelsheim-Obergriesheim;25.4;23.8;13.0;22.6;11.8;58.9;43.1;58.8;20.7;27.2;48.8;51.8;55.1;0.4;21.0;43.8;14.7;17.5;35.7;9.2;18.7;39.7;15.0;23.7;26.2;29.4;12.3;10.2;9.7;9.7;12.8;25.5;4.1;7.1;16.6;18.7;5.6;8.6;49.4;46.4;16.0;49.8;64.5;254.2;35.7;18.2;18.2;43.9;28.4;13.4;28.9;63.7;59.1;19.0;51.1;37.7;42.1;54.5;45.6;35.0;18.4;16.0;15.6;2.9;22.9;16.6;10.8;44.3;42.0;24.9;29.7;45.0;23.7;45.5;9.0;51.6;53.0;26.9;62.3;62.7;22.6;48.5;35.9;16.4;23.9;27.6;40.0;16.2;18.7;64.1;3.0;16.1;4.4;0.0;33.4;5.1;34.9;19.8;21.3;23.9;3.4;22.5;2.1;8.8;8.8;20.1;46.2;15.1;24.7;19.8;11.9;63.4;64.1;42.1;50.7;33.0;47.5;24.7;15.0;6.4;63.9;28.5;17.6;21.3;46.8;17.2;54.9;30.9;5.1;2.5;19.5;26.4;18.0;75.5;55.5;11.7;32.0;33.0;38.1;37.3;48.7;61.1;20.1;51.8;17.7;11.1;15.9;60.1;47.5;33.5;19.3;55.9;22.7;50.3;67.2;3.1;15.4;15.1;52.9;31.2;56.5;15.5;15.5;22.9;42.1;21.9;2.7;12.4;7.8;26.3;27.4
Nagelsberg, 74653 Künzelsau-Nagelsberg;38.4;49.2;46.4;45.2;28.6;36.7;31.1;26.0;14.2;55.5;23.7;22.4;26.7;33.0;51.5;11.2;38.6;28.8;2.3;39.8;44.4;20.2;43.3;41.3;10.2;4.2;21.1;36.9;25.2;25.2;22.8;11.1;36.9;35.8;44.6;21.7;38.3;28.9;24.5;18.8;30.1;16.4;37.0;229.0;2.3;48.4;48.4;26.6;55.8;46.0;18.7;30.3;32.3;15.0;18.4;4.5;22.2;30.4;25.5;2.2;20.7;47.5;18.7;34.1;17.7;40.8;43.2;13.0;12.5;8.5;58.2;22.6;50.3;21.7;25.8;18.9;21.1;15.3;30.9;33.1;36.9;24.4;10.7;41.3;53.9;6.0;23.1;38.8;27.1;31.7;31.9;46.7;37.3;33.4;0.0;38.5;7.9;36.5;34.4;38.8;33.5;16.0;35.1;33.9;33.9;46.8;21.4;32.1;45.0;19.2;39.0;32.6;34.4;20.3;33.5;10.5;34.0;53.1;21.4;32.5;33.7;54.6;16.3;30.2;14.2;31.2;27.2;12.6;29.1;33.3;41.9;27.3;24.4;46.5;22.3;42.3;25.3;11.0;21.9;10.1;31.0;32.3;22.9;26.4;39.7;32.8;29.4;31.8;25.3;63.4;14.1;24.2;49.1;23.5;37.0;30.5;39.6;39.2;24.4;60.1;32.8;39.2;39.1;17.9;25.4;12.2;35.6;22.8;26.7;24.6;10.9
Neckarstr. 1, 74906 Bad Rappenau-Heinsheim;26.8;21.9;8.0;21.7;15.3;63.2;46.8;63.8;25.7;24.1;53.4;56.6;59.8;5.4;17.4;48.9;14.8;20.5;40.8;7.2;17.3;44.2;13.1;24.2;31.2;34.5;17.4;10.4;14.4;14.4;17.5;30.4;2.8;7.7;14.6;23.0;2.9;12.4;53.9;51.2;18.8;54.9;69.1;258.1;40.8;14.9;14.9;48.0;25.5;9.0;33.3;68.7;63.7;24.0;56.1;42.8;46.5;59.0;49.9;40.1;22.8;12.1;20.5;5.3;27.5;16.1;6.8;49.3;47.0;29.9;26.4;49.5;21.5;50.0;13.7;56.7;58.0;31.6;67.3;67.6;24.1;53.1;40.7;15.7;20.3;32.7;44.3;16.5;22.0;69.1;7.2;12.8;2.6;5.1;38.5;0.0;39.9;21.1;23.2;25.0;6.2;27.2;3.6;10.6;10.6;18.1;50.9;17.4;24.3;24.3;11.3;68.3;68.9;46.7;54.6;37.8;51.2;21.7;19.6;9.1;68.8;26.0;22.6;24.0;51.8;19.7;59.7;35.7;9.8;5.8;19.1;29.8;21.9;80.2;60.6;9.0;35.8;37.9;42.4;42.2;52.7;65.9;24.1;56.4;17.9;13.2;18.8;64.8;51.9;29.7;24.4;60.9;20.6;55.0;72.0;8.1;15.2;15.0;57.6;27.8;60.9;15.4;15.5;27.4;46.2;26.9;3.4;17.1;12.5;30.0;32.3
Neue Str. 29, 74635 Kupferzell-Zentrum;34.3;47.0;47.6;42.6;27.5;29.4;23.4;24.3;18.9;53.7;30.8;17.2;32.6;34.5;50.7;15.7;37.0;26.2;8.5;39.8;42.6;12.4;42.3;37.9;16.6;10.0;22.7;36.2;25.6;25.6;22.7;17.4;38.8;35.8;43.4;19.4;39.1;28.7;31.6;25.4;27.8;17.6;31.2;234.1;8.5;47.7;47.7;18.7;53.8;46.4;13.1;30.5;26.1;18.8;16.8;7.4;14.3;23.4;17.7;6.3;18.8;47.3;22.2;35.0;14.6;39.0;43.6;18.6;7.1;12.3;56.4;15.0;48.3;29.1;26.3;17.3;25.3;10.9;27.4;28.3;33.3;17.2;18.5;39.6;52.8;11.2;15.3;36.9;24.3;29.4;32.8;46.2;38.2;34.9;7.9;39.9;0.0;33.6;30.9;35.1;34.3;13.7;36.9;33.3;33.3;45.1;14.2;30.1;41.9;17.1;38.1;36.9;29.6;12.5;25.6;18.3;26.2;51.5;20.8;32.5;29.3;52.3;17.3;26.6;12.6;28.6;33.3;6.6;31.4;35.3;39.5;22.3;21.9;41.5;24.4;42.0;18.9;18.8;14.2;17.7;23.1;37.7;19.9;19.5;37.5;31.8;27.2;37.5;32.8;61.9;16.5;21.1;47.2;30.1;32.6;32.3;38.0;37.6;30.4;58.3;25.8;37.5;37.4;14.8;17.6;13.2;36.7;26.3;29.4;19.6;7.9
Obergruppenbacher Str., 74199 Untergruppenbach-Zentrum;5.7;13.7;24.8;9.1;10.6;48.0;29.7;57.1;30.2;20.8;58.2;46.9;62.7;19.6;20.0;47.7;7.1;7.8;38.8;15.0;10.4;31.7;12.6;5.0;34.7;33.9;20.9;10.8;16.3;16.3;16.3;34.4;22.7;13.4;12.8;14.9;18.3;13.1;58.9;54.2;6.8;51.1;56.4;264.9;38.8;17.7;17.7;33.1;20.5;20.6;21.7;64.0;51.1;27.9;50.0;39.6;33.4;45.4;35.9;37.1;16.0;19.1;26.6;17.1;19.2;7.5;18.8;49.5;39.4;29.9;23.4;36.9;15.3;55.2;16.2;50.4;57.6;22.7;58.2;56.7;3.0;40.6;43.8;8.4;21.2;32.6;30.3;5.7;9.4;61.3;17.1;17.1;18.5;19.8;36.5;21.1;33.6;0.0;3.3;4.1;16.4;20.6;21.4;11.0;11.0;12.8;39.2;5.7;8.5;17.4;10.7;69.2;57.8;34.5;38.3;41.5;33.8;19.0;16.5;13.4;58.3;18.8;22.2;7.3;46.1;5.5;63.0;27.2;22.2;22.2;6.5;13.5;12.2;67.7;57.8;15.3;20.2;41.8;28.8;44.5;36.9;68.6;13.8;44.0;5.2;8.8;7.5;67.9;58.2;29.1;25.5;52.9;14.3;58.8;61.2;20.7;7.4;7.3;60.4;25.3;46.7;6.9;6.8;18.9;31.5;25.2;18.5;26.4;23.7;15.5;26.2
Oberheinrieter Str., 74199 Untergruppenbach-Unterheinriet;4.8;16.9;27.6;12.1;10.7;44.7;26.4;54.1;29.2;24.1;56.5;43.8;60.8;21.1;23.3;45.4;10.1;6.2;36.5;17.6;13.8;28.4;15.8;7.0;33.3;31.9;20.4;13.2;16.2;16.2;15.6;33.1;24.5;15.5;16.1;12.9;20.6;13.7;57.3;52.4;6.2;48.5;53.1;263.1;36.5;21.0;21.0;29.8;23.7;23.6;18.7;61.2;47.8;26.9;47.1;37.2;30.1;42.1;32.6;34.7;14.1;22.3;26.0;18.8;16.7;10.8;21.6;47.4;36.5;28.2;26.6;33.6;18.6;53.7;16.3;47.6;55.3;20.1;55.1;53.4;2.5;37.3;42.2;11.7;24.5;30.8;27.0;8.8;7.3;58.3;18.4;20.4;20.6;21.3;34.4;23.2;30.9;3.3;0.0;4.5;18.0;18.4;23.0;12.7;12.7;16.1;36.0;6.2;11.0;15.3;13.5;66.9;54.6;31.3;34.9;40.0;30.5;22.3;15.3;14.8;55.1;21.8;20.9;4.3;43.3;4.6;61.1;24.5;23.0;23.6;9.8;10.3;10.3;64.3;55.3;18.3;16.9;40.3;25.5;42.7;33.6;66.6;11.5;40.8;8.5;10.2;6.7;66.0;56.8;32.4;24.2;49.9;17.5;57.0;58.0;21.7;10.5;10.4;58.5;28.5;43.4;10.0;9.9;16.5;28.1;23.4;20.4;26.3;24.1;12.3;23.8
Ochsenweg 1, 74360 Ilsfeld-Auenstein;2.1;14.0;28.2;9.2;14.5;46.9;28.3;58.0;33.6;21.2;61.1;47.3;65.3;23.7;21.8;49.8;10.5;10.6;41.0;18.6;12.2;31.8;15.3;3.0;37.8;36.5;24.6;14.6;20.1;20.1;19.8;37.5;26.7;17.4;15.1;17.4;22.2;17.2;61.8;56.9;10.3;52.7;55.9;267.6;41.0;19.8;19.8;32.4;20.5;23.7;22.6;65.2;50.7;31.3;51.1;41.6;33.2;44.8;35.4;39.1;18.6;21.8;30.3;21.2;21.2;10.2;22.2;51.8;40.5;32.7;23.6;36.7;15.9;58.2;20.1;51.6;59.7;24.3;58.6;56.6;2.0;40.4;46.7;11.0;22.5;35.3;30.0;8.9;11.9;62.0;21.2;19.7;22.5;23.9;38.8;25.0;35.1;4.1;4.5;0.0;20.5;22.9;25.4;15.1;15.1;14.2;39.3;9.6;7.2;19.9;14.2;71.4;57.8;34.6;36.9;44.5;32.2;19.8;19.7;17.5;58.3;18.5;25.4;8.6;47.4;8.8;65.7;28.6;26.3;26.3;8.0;13.6;14.8;67.1;59.5;18.6;19.8;44.8;28.7;47.3;35.8;71.1;15.9;43.8;7.8;12.9;10.9;70.5;61.3;29.4;28.7;53.6;15.0;61.5;61.2;24.8;10.5;10.5;63.0;25.5;46.0;10.1;10.0;20.9;30.9;28.0;22.6;30.3;27.7;16.0;28.1
Ohrnberger Str. 4, 74177 Bad Friedrichshall-Hagenbach;22.1;20.8;13.4;19.3;9.1;57.0;40.7;58.4;21.8;24.8;50.3;50.8;56.3;3.3;19.1;44.3;11.3;14.6;35.9;6.9;15.7;38.1;12.3;20.3;27.2;29.7;12.5;6.9;8.6;8.6;11.6;26.6;6.7;3.9;13.9;16.9;4.9;6.2;50.9;47.7;13.0;49.9;63.1;256.3;35.9;16.1;16.1;41.9;25.8;12.5;27.1;63.7;57.7;19.8;50.7;37.7;40.4;52.9;43.8;35.0;16.7;14.4;16.7;0.9;21.4;13.3;9.7;45.0;41.3;25.1;27.4;43.4;20.9;47.1;7.9;51.3;53.7;25.5;61.6;61.7;19.2;47.0;37.0;13.2;21.9;27.9;38.1;12.9;16.0;63.6;1.8;14.1;4.0;3.4;33.5;6.2;34.3;16.4;18.0;20.5;0.0;21.2;5.1;5.4;5.4;17.2;44.8;11.9;21.4;18.3;8.7;64.4;63.0;40.6;48.5;34.2;45.1;22.3;13.7;3.2;62.9;25.7;17.3;18.3;46.5;14.1;56.3;29.8;7.4;5.9;16.1;23.8;15.7;74.2;55.8;9.5;29.7;34.3;36.2;38.3;46.6;62.4;18.0;50.4;14.4;7.7;12.9;61.5;49.3;31.6;19.5;55.3;19.8;51.7;66.1;5.3;12.1;11.8;54.1;29.0;54.8;12.1;12.1;21.3;40.0;21.6;2.8;14.2;9.9;23.9;26.5
Pfaffenmühlweg 44, 74613 Öhringen-Zentrum;22.5;33.6;34.7;29.4;13.9;37.0;23.6;37.9;14.4;40.2;38.6;29.6;42.5;22.1;37.0;27.0;23.4;12.9;18.2;26.3;29.1;17.5;28.6;25.3;16.5;13.7;11.6;22.6;12.8;12.8;9.7;16.6;26.5;22.3;29.7;5.9;26.1;15.4;39.3;34.2;14.4;30.8;42.0;244.9;18.2;34.0;34.0;22.5;40.3;33.0;7.7;44.1;36.6;12.5;30.4;19.0;20.0;32.2;23.6;16.5;5.1;33.7;14.3;22.0;2.1;25.4;30.2;29.0;20.4;10.6;42.9;22.7;34.9;36.0;13.5;30.9;37.0;4.6;40.5;40.4;20.9;26.1;24.3;26.1;39.1;12.8;18.4;23.4;11.2;42.8;20.0;32.5;25.3;22.5;16.0;27.2;13.7;20.6;18.4;22.9;21.2;0.0;24.6;19.7;19.7;31.5;23.7;16.6;29.1;3.4;24.5;48.6;41.7;19.7;29.8;22.5;27.7;38.0;7.6;19.2;41.7;39.0;7.0;14.3;26.3;15.3;42.9;8.5;19.9;23.4;26.2;12.5;8.5;53.0;37.4;28.5;13.6;22.8;16.5;24.7;27.5;48.2;6.9;29.4;24.1;18.1;13.7;47.6;39.3;48.3;9.0;34.4;33.7;38.9;44.9;20.4;24.4;24.0;40.2;44.8;34.3;23.9;23.8;2.4;20.7;6.3;23.9;17.3;18.7;10.1;5.8
Pfarrstr. 28, 74831 Gundelsheim-Bachenau;27.1;24.3;11.5;23.5;13.9;61.1;45.2;60.6;22.1;27.2;49.8;53.8;56.2;2.5;20.7;45.4;15.9;19.5;37.4;9.5;19.4;41.9;15.4;25.1;27.6;31.1;14.2;11.3;11.8;11.8;15.0;26.8;2.0;8.2;17.0;20.9;5.2;10.7;50.3;47.6;18.0;51.5;66.6;254.6;37.4;18.0;18.0;46.0;28.5;12.6;31.1;65.4;61.2;20.5;52.9;39.5;44.3;56.6;47.7;36.8;20.6;15.4;17.0;4.3;25.1;17.6;10.1;45.8;44.0;26.6;29.6;47.1;24.0;46.4;11.2;53.5;54.5;29.0;64.3;64.8;24.3;50.7;37.1;17.3;23.6;29.3;42.2;17.5;20.7;66.0;5.1;15.9;4.1;2.1;35.1;3.6;36.9;21.4;23.0;25.4;5.1;24.6;0.0;10.4;10.4;20.5;48.3;16.9;25.8;21.9;12.7;64.7;66.1;44.2;52.8;34.2;49.6;24.7;17.1;8.2;65.9;28.7;19.6;23.2;48.6;19.1;56.0;33.0;6.2;2.2;20.5;28.5;20.1;77.5;57.1;11.7;34.2;34.2;40.3;38.6;50.8;62.2;22.3;53.9;19.0;12.8;17.8;61.2;48.3;33.1;21.1;57.9;23.1;51.4;69.2;4.6;16.5;16.2;54.0;31.0;58.6;16.6;16.6;25.0;44.2;23.8;3.1;13.5;8.9;28.4;29.4
Pichterichstr. 71, 74172 Neckarsulm;16.6;17.0;16.2;14.6;6.0;53.8;36.7;57.6;23.8;22.1;52.6;49.1;58.2;8.7;17.6;44.9;6.5;10.3;36.2;6.7;11.7;35.4;9.5;14.9;29.0;30.3;13.9;3.1;9.0;9.0;11.1;28.5;11.8;3.1;11.0;14.4;8.1;5.0;53.3;49.5;8.4;49.9;60.6;259.2;36.2;14.6;14.6;38.5;22.8;13.5;24.4;63.5;55.2;21.6;50.1;37.7;37.6;50.1;40.8;35.0;14.7;14.0;19.2;6.1;19.4;8.7;10.8;46.1;40.1;25.8;24.8;40.8;17.5;49.5;8.5;50.6;54.7;23.6;60.2;59.7;13.8;44.5;38.8;8.8;20.1;28.7;35.0;7.8;12.0;62.6;6.3;12.9;8.0;8.8;33.9;10.6;33.3;11.0;12.7;15.1;5.4;19.7;10.4;0.0;0.0;13.8;42.5;6.8;16.3;16.4;5.2;65.7;61.0;38.0;44.8;36.1;41.1;19.7;12.6;2.7;61.1;22.2;17.6;13.5;45.9;9.2;58.2;28.1;11.9;11.3;11.2;19.6;12.6;71.8;56.1;8.7;25.9;36.3;33.2;39.9;43.1;64.2;15.0;47.9;9.3;2.6;8.5;63.3;52.0;29.7;20.4;54.1;16.3;53.8;64.3;10.1;7.4;7.0;55.9;26.6;51.8;7.3;7.3;19.2;36.8;21.7;7.7;17.6;13.9;20.2;25.4
Pichterichstr. 71, 74172 Neckarsulm-Zentrum;16.6;17.0;16.2;14.6;6.0;53.8;36.7;57.6;23.8;22.1;52.6;49.1;58.2;8.7;17.6;44.9;6.5;10.3;36.2;6.7;11.7;35.4;9.5;14.9;29.0;30.3;13.9;3.1;9.0;9.0;11.1;28.5;11.8;3.1;11.0;14.4;8.1;5.0;53.3;49.5;8.4;49.9;60.6;259.2;36.2;14.6;14.6;38.5;22.8;13.5;24.4;63.5;55.2;21.6;50.1;37.7;37.6;50.1;40.8;35.0;14.7;14.0;19.2;6.1;19.4;8.7;10.8;46.1;40.1;25.8;24.8;40.8;17.5;49.5;8.5;50.6;54.7;23.6;60.2;59.7;13.8;44.5;38.8;8.8;20.1;28.7;35.0;7.8;12.0;62.6;6.3;12.9;8.0;8.8;33.9;10.6;33.3;11.0;12.7;15.1;5.4;19.7;10.4;0.0;0.0;13.8;42.5;6.8;16.3;16.4;5.2;65.7;61.0;38.0;44.8;36.1;41.1;19.7;12.6;2.7;61.1;22.2;17.6;13.5;45.9;9.2;58.2;28.1;11.9;11.3;11.2;19.6;12.6;71.8;56.1;8.7;25.9;36.3;33.2;39.9;43.1;64.2;15.0;47.9;9.3;2.6;8.5;63.3;52.0;29.7;20.4;54.1;16.3;53.8;64.3;10.1;7.4;7.0;55.9;26.6;51.8;7.3;7.3;19.2;36.8;21.7;7.7;17.6;13.9;20.2;25.4
Raiffeisenstr., 74226 Nordheim-Nordhausen;16.3;3.8;17.3;5.7;18.3;60.8;42.3;69.1;37.6;8.7;66.4;59.4;71.8;20.2;7.6;58.0;8.2;19.0;49.1;11.1;2.5;44.4;5.1;11.6;42.7;43.5;27.6;10.8;22.7;22.7;24.3;42.2;20.8;13.4;3.5;25.7;15.5;18.7;67.0;63.1;17.3;62.3;69.2;273.0;49.1;6.2;6.2;45.9;9.1;12.2;34.0;75.6;63.9;35.3;61.8;50.4;46.2;58.2;48.7;47.7;26.5;9.1;32.9;17.4;30.5;6.1;12.2;59.4;51.4;39.2;11.4;49.6;3.8;63.2;22.2;62.3;67.9;34.5;70.7;69.4;14.9;53.3;52.4;5.5;8.4;42.0;43.1;8.2;21.0;73.6;18.9;7.0;16.4;20.1;46.8;18.1;45.1;12.8;16.1;14.2;17.2;31.5;20.5;13.8;13.8;0.0;51.9;15.0;8.9;28.1;8.7;79.1;70.5;47.2;50.9;49.8;46.3;6.5;25.4;16.1;70.9;8.5;30.9;19.9;57.7;16.7;71.9;39.1;24.6;22.3;6.4;26.3;23.2;80.5;68.8;9.1;33.0;50.0;41.6;53.4;49.7;77.8;25.3;56.8;7.9;14.1;17.9;77.0;65.8;16.8;34.0;65.1;2.6;67.5;73.9;22.5;7.2;7.6;69.5;13.3;59.6;7.7;7.7;30.3;44.3;34.7;17.6;31.1;27.0;28.1;37.3
Ramsbacher Str., 74523 Schwäbisch Hall-Tüngental;37.8;52.9;58.2;48.1;36.6;15.3;16.2;20.6;32.9;60.1;41.1;8.5;40.6;45.9;58.5;24.4;44.4;33.3;21.2;49.2;49.4;7.6;50.3;42.4;30.9;24.2;34.9;45.0;36.5;36.5;33.4;31.6;50.3;45.4;51.1;28.2;49.6;38.7;41.8;35.5;35.2;21.1;18.3;237.5;21.2;55.8;55.8;9.7;59.7;56.0;18.2;29.0;12.9;32.4;16.2;18.8;6.4;9.2;6.5;19.4;28.1;56.1;35.6;45.6;23.4;46.0;53.3;27.9;9.7;26.3;62.6;3.2;54.5;40.2;37.2;16.4;31.3;19.3;19.5;17.5;37.9;3.0;31.3;46.8;60.2;25.4;9.7;43.9;31.3;23.3;43.7;54.6;48.8;46.2;21.4;50.9;14.2;39.2;36.0;39.3;44.8;23.7;48.3;42.5;42.5;51.9;0.0;37.5;46.5;26.6;46.6;41.8;18.7;4.7;13.8;31.8;16.6;58.2;31.3;42.5;19.1;57.7;29.6;32.0;14.9;35.4;41.6;15.4;43.5;47.1;45.7;25.8;30.0;29.3;27.3;51.1;19.6;32.3;10.7;30.1;11.6;44.5;27.6;5.7;44.0;40.4;34.8;44.7;43.9;68.4;29.7;15.6;53.5;39.6;22.0;44.1;45.3;45.0;38.8;64.5;11.5;44.7;44.7;23.5;10.1;26.1;47.5;39.5;42.0;23.8;19.5
Rappenhofweg, 74189 Weinsberg-Zentrum;10.7;17.1;22.6;13.1;4.9;47.9;30.3;54.1;24.8;23.7;53.0;44.7;57.9;14.9;21.1;43.3;7.0;4.2;34.4;12.7;12.5;30.1;12.7;10.6;29.4;29.1;15.3;8.1;10.6;10.6;10.8;29.0;18.5;9.8;13.6;10.7;14.9;7.6;53.7;49.3;2.3;47.3;55.3;259.9;34.4;18.3;18.3;32.6;23.8;19.2;19.4;60.6;50.0;22.4;46.8;35.5;32.2;44.5;35.1;32.9;11.5;18.8;21.0;12.7;15.5;8.9;16.8;44.9;36.4;25.0;26.3;35.5;18.3;50.0;10.5;47.3;53.3;19.5;55.9;54.9;7.9;39.2;38.7;9.6;22.9;27.7;29.4;6.8;6.3;58.7;12.2;17.1;14.8;15.1;32.1;17.4;30.1;5.7;6.2;9.6;11.9;16.6;16.9;6.8;6.8;15.0;37.5;0.0;13.5;13.1;9.2;64.7;56.2;32.9;38.6;36.3;34.6;21.5;11.2;8.7;56.4;22.5;17.0;6.8;42.7;2.5;58.1;24.1;16.9;17.4;9.8;13.2;8.1;66.6;53.9;14.0;19.7;36.6;27.6;39.5;36.9;63.8;10.3;42.7;7.6;4.2;2.9;63.0;52.9;31.8;20.3;50.2;17.1;53.8;59.5;15.5;7.9;7.6;55.5;28.3;46.1;7.4;7.4;15.3;30.9;20.3;14.4;20.7;18.1;14.2;22.3
Reblandstr. 31, 74382 Neckarwestheim-Zentrum;8.9;7.3;25.5;3.2;18.2;53.8;35.2;65.0;38.3;14.4;66.5;54.5;71.2;24.7;16.3;56.1;10.0;16.2;47.2;17.2;7.8;38.9;12.1;4.2;42.9;42.3;28.6;14.5;23.7;23.7;24.3;42.5;26.6;17.6;11.2;23.4;21.5;20.1;67.2;62.6;15.2;59.4;63.0;273.3;47.2;15.0;15.0;39.5;13.5;20.5;29.6;72.2;57.9;35.9;58.1;48.0;40.4;51.9;42.6;45.5;24.4;17.8;34.3;21.8;27.6;8.2;19.8;58.0;47.5;38.3;16.5;43.9;9.3;63.5;23.5;58.5;66.1;31.0;65.8;63.8;8.7;47.6;52.2;8.7;16.3;41.0;37.2;8.6;17.9;69.1;22.6;15.6;22.1;24.7;45.0;24.3;41.9;8.5;11.0;7.2;21.4;29.1;25.8;16.3;16.3;8.9;46.5;13.5;0.0;25.8;13.1;77.6;65.0;41.8;43.8;49.8;38.9;13.2;24.7;19.0;65.5;11.3;30.5;15.3;54.3;13.9;71.4;35.5;28.2;27.2;5.3;20.8;20.7;74.2;66.2;16.2;27.0;50.1;35.9;52.9;42.8;77.0;22.2;51.0;7.1;15.2;15.8;76.4;66.4;22.4;33.8;60.7;8.7;67.2;68.4;26.4;9.3;9.6;68.8;18.4;53.0;9.2;9.2;27.3;38.0;33.6;22.7;33.5;30.2;23.1;34.6
Reblandstr., 74613 Öhringen-Verrenberg;19.7;30.2;31.6;26.1;10.5;39.2;24.5;41.3;15.4;36.8;41.3;32.7;45.5;19.5;33.6;30.3;19.9;9.6;21.4;23.0;25.6;19.9;25.2;22.1;18.5;16.6;10.1;19.2;10.1;10.1;7.0;18.4;23.9;19.1;26.3;2.5;23.0;12.2;42.0;37.0;11.0;34.2;44.8;247.8;21.4;30.6;30.6;24.3;36.9;29.7;9.2;47.5;39.4;13.2;33.9;22.4;22.3;34.7;25.8;19.8;1.7;30.4;14.1;19.1;3.1;22.0;27.0;32.1;23.7;13.0;39.5;25.2;31.4;38.5;10.8;34.4;40.3;7.3;43.8;43.5;17.9;28.8;26.9;22.6;35.7;15.5;20.4;19.9;8.0;46.2;17.2;29.1;22.3;19.8;19.2;24.3;17.1;17.4;15.3;19.9;18.3;3.4;21.9;16.4;16.4;28.1;26.6;13.1;25.8;0.0;21.1;51.8;44.8;22.3;31.4;24.9;28.8;34.5;4.9;16.0;44.8;35.6;7.0;11.4;29.7;12.0;45.8;11.7;17.8;21.0;22.8;11.0;5.2;55.9;40.8;25.1;13.9;25.2;18.4;27.4;29.2;51.3;4.1;32.1;20.7;14.7;10.3;50.6;41.7;44.9;9.9;37.8;30.3;41.7;48.0;18.0;20.9;20.6;43.1;41.4;36.7;20.4;20.4;3.1;22.5;8.3;21.0;16.5;17.0;9.2;9.3
Riedweg 52, 74078 Heilbronn-Frankenbach;16.2;12.2;14.2;10.7;10.6;57.0;39.3;62.4;29.0;16.9;57.8;53.5;63.4;11.9;12.6;50.1;3.7;13.4;41.3;4.4;7.0;39.2;4.3;13.0;34.3;35.5;19.1;2.2;14.2;14.2;16.2;33.7;13.5;4.8;5.7;18.9;8.4;10.3;58.5;54.7;11.4;54.9;64.5;264.3;41.3;9.6;9.6;41.8;17.6;10.2;28.4;68.4;59.1;26.8;54.9;42.8;41.3;53.7;44.3;40.1;19.4;9.6;24.3;9.0;23.9;4.9;8.1;51.3;44.8;31.1;19.6;44.6;12.5;54.7;13.7;55.4;59.9;28.0;64.7;63.9;13.6;48.3;44.0;4.6;14.9;33.9;38.5;5.4;15.4;67.2;10.3;8.1;9.0;11.9;39.0;11.3;38.1;10.7;13.5;14.2;8.7;24.5;12.7;5.2;5.2;8.7;46.6;9.2;13.1;21.1;0.0;71.0;65.2;42.0;47.7;41.3;43.6;14.4;17.7;7.4;65.4;17.2;22.8;15.8;50.7;11.5;63.5;32.6;16.0;14.3;7.9;22.3;16.7;75.7;61.2;4.9;28.9;41.5;36.8;45.1;46.1;69.4;19.0;51.8;6.7;6.4;11.8;68.6;57.1;24.4;25.7;58.8;11.3;59.0;68.5;14.0;4.0;3.8;61.1;21.4;55.3;4.2;4.3;23.7;40.1;26.8;9.7;22.4;18.4;23.4;30.3
Rothenburger Str., 97993 Creglingen-Zentrum;70.8;81.7;76.1;77.8;60.8;52.3;57.3;24.9;42.7;87.7;17.5;35.1;9.9;63.1;83.2;21.6;70.9;61.4;30.4;71.2;76.8;46.1;75.3;73.8;37.2;35.6;52.1;68.8;56.8;56.8;54.8;37.9;66.1;67.3;76.7;54.3;68.8;60.7;17.5;17.4;62.7;20.8;44.7;197.2;30.4;80.1;80.1;51.1;88.1;76.7;50.0;18.2;43.5;44.6;25.7;29.9;46.8;46.4;48.2;32.2;53.3;78.8;47.8;64.8;50.2;73.2;74.0;19.7;34.1;39.9;90.4;44.8;82.7;20.6;57.3;25.7;11.7;47.3;32.0;38.1;69.4;43.7;27.6;73.7;85.7;37.1;49.4;71.3;59.8;28.1;62.6;78.3;67.7;63.4;32.6;68.3;36.9;69.2;66.9;71.4;64.4;48.6;64.7;65.7;65.7;79.1;41.8;64.7;77.6;51.8;71.0;0.0;38.8;44.3;55.3;30.5;58.4;85.3;53.7;64.0;37.0;87.1;48.2;62.7;27.2;63.8;10.8;43.5;58.5;62.6;74.4;59.1;57.0;47.5;14.6;73.7;55.7;30.5;49.2;26.2;53.3;6.2;55.5;42.8;72.2;65.0;62.0;7.6;21.2;95.4;45.3;29.2;81.5;14.8;38.5;60.3;72.0;71.6;11.4;92.3;48.3;71.6;71.5;50.4;50.9;44.4;66.0;51.2;55.8;56.4;43.2
SV Ingersheim, 74564 Crailsheim;56.2;71.5;76.4;66.6;55.0;16.9;31.8;14.2;48.2;78.7;45.8;12.4;42.1;63.7;77.2;31.0;63.1;51.9;33.0;67.7;68.1;26.2;68.9;60.8;44.7;38.3;52.2;63.6;54.5;54.5;51.4;45.6;68.0;63.8;69.7;46.6;67.8;57.0;46.3;40.7;53.8;23.7;6.2;226.9;33.0;74.4;74.4;26.0;78.2;74.4;36.8;21.0;8.1;48.3;18.0;30.2;24.5;14.2;22.6;32.2;46.4;74.7;51.9;63.7;41.7;64.7;71.7;34.0;22.6;41.6;81.2;21.0;73.2;46.3;55.2;17.6;32.3;37.5;6.7;1.3;56.4;17.4;41.3;65.5;78.8;39.9;27.8;62.5;49.9;11.1;61.7;73.2;67.0;64.1;34.4;68.9;29.6;57.8;54.6;57.8;63.0;41.7;66.1;61.0;61.0;70.5;18.7;56.2;65.0;44.8;65.2;38.8;0.0;23.4;24.9;43.0;30.0;76.9;49.3;60.8;1.8;76.2;46.8;50.7;21.1;54.1;43.4;33.2;60.9;64.7;64.3;44.4;48.5;12.1;25.8;69.6;37.9;43.4;29.1;39.6;24.4;43.6;46.2;14.0;62.7;59.0;53.4;44.4;49.6;87.0;46.1;11.6;72.1;43.3;3.4;61.7;63.9;63.7;41.1;83.1;14.4;63.4;63.3;41.8;27.2;42.8;65.6;56.0;59.0;42.4;36.7
Schenkenseestr., 74523 Schwäbisch Hall;33.2;48.2;53.8;43.4;32.1;17.7;13.0;24.7;30.2;55.4;41.8;13.0;42.2;41.7;53.9;25.4;39.8;28.7;20.5;44.7;44.7;2.9;45.6;37.6;28.8;22.4;31.1;40.5;32.4;32.4;29.3;29.5;46.2;40.9;46.4;23.8;45.2;34.4;42.6;36.3;30.6;23.5;22.6;240.8;20.5;51.2;51.2;6.9;54.9;51.5;13.7;32.9;17.2;29.4;19.4;18.6;2.4;12.5;5.2;18.5;23.8;51.6;32.4;41.4;19.2;41.3;48.8;28.8;10.6;23.7;57.9;2.9;49.8;40.6;33.1;19.6;33.3;15.2;24.1;22.2;33.2;6.5;30.7;42.2;55.5;23.3;5.4;39.2;26.6;27.8;39.5;50.0;44.6;42.1;20.3;46.7;12.5;34.5;31.3;34.6;40.6;19.7;44.2;38.0;38.0;47.2;4.7;32.9;41.8;22.3;42.0;44.3;23.4;0.0;13.2;30.8;14.6;53.5;27.1;38.1;23.8;53.0;26.0;27.3;17.1;30.8;43.1;11.8;39.7;43.1;41.0;21.1;25.5;33.8;30.1;46.5;14.9;31.3;6.1;29.8;10.7;46.5;23.1;9.9;39.3;35.9;30.2;46.6;44.3;63.7;26.4;19.8;48.8;40.6;26.7;40.1;40.6;40.4;40.2;59.8;14.6;40.1;40.0;19.3;6.6;22.8;43.3;36.2;38.3;19.1;16.1
Schloßstr. 11/1, 74405 Gaildorf;35.0;50.9;61.0;46.1;39.4;10.2;8.6;32.5;42.3;58.1;54.7;20.5;54.4;50.3;58.2;38.1;44.8;34.6;33.7;51.2;48.6;13.5;50.6;39.9;41.6;35.3;41.3;46.7;41.3;41.3;38.3;42.2;54.7;47.9;51.0;32.0;52.7;42.3;55.4;49.1;36.5;34.8;20.9;249.9;33.7;55.9;55.9;7.4;57.2;57.8;22.2;41.2;16.9;41.2;29.6;31.7;11.3;10.8;8.0;31.7;32.5;57.0;43.7;49.3;28.5;45.7;55.4;41.5;23.1;36.0;60.3;11.3;52.8;53.6;41.9;29.7;45.0;25.4;28.9;24.3;36.0;11.6;43.9;46.6;59.3;36.0;11.5;43.7;32.8;33.5;47.8;55.2;52.3;50.7;33.5;54.6;25.6;38.3;34.9;36.9;48.5;29.8;52.8;44.8;44.8;50.9;13.8;38.6;43.8;31.4;47.7;55.3;24.9;13.2;0.0;44.0;5.3;56.7;36.2;45.6;26.2;55.0;36.6;31.9;28.7;36.2;55.4;23.5;49.2;52.2;44.5;25.4;32.8;31.4;40.7;52.5;18.9;44.4;13.3;43.0;2.5;58.3;30.6;13.0;43.4;42.3;36.3;58.4;57.3;66.2;37.8;27.4;51.9;53.3;28.1;49.2;45.3;45.2;52.6;62.2;10.6;44.8;44.7;28.4;9.1;34.3;51.3;47.0;48.3;24.7;27.7
Schulstr. 11, 74238 Krautheim-Zentrum;44.5;52.8;45.6;49.4;31.9;47.0;41.2;32.2;12.4;58.2;16.7;31.6;22.2;32.7;53.2;13.5;41.8;33.9;10.7;41.1;47.6;30.7;45.6;46.5;7.1;9.4;22.2;39.2;27.1;27.1;25.7;7.7;35.7;37.3;47.1;27.2;38.5;31.2;17.4;13.5;34.7;21.3;46.3;223.5;10.7;50.2;50.2;37.0;58.9;46.4;27.5;34.1;42.0;14.5;25.4;13.3;32.7;40.6;36.0;12.4;25.9;48.6;17.5;34.5;24.6;44.2;43.7;12.4;22.5;11.9;60.9;33.1;53.5;13.7;27.6;26.0;20.8;23.6;38.4;41.7;42.5;34.8;2.9;44.6;55.9;9.8;33.5;42.5;32.7;38.1;32.4;48.2;37.3;33.0;10.5;37.8;18.3;41.5;40.0;44.5;34.2;22.5;34.2;36.1;36.1;49.8;31.8;36.3;49.8;24.9;41.3;30.5;43.0;30.8;44.0;0.0;44.3;55.8;25.1;34.1;42.0;58.1;19.4;36.3;21.9;36.1;22.2;22.2;28.1;32.1;45.9;34.9;29.7;55.0;24.9;43.6;34.3;0.5;32.1;4.6;41.5;28.2;29.0;36.5;43.6;35.8;34.0;27.3;16.9;65.6;16.1;31.8;52.3;17.7;45.1;29.9;42.9;42.5;19.9;62.7;43.1;42.6;42.5;24.8;35.8;16.6;35.6;20.8;25.3;32.3;19.2
Schulstr. 7, 74427 Fichtenberg-Zentrum;30.2;46.1;57.2;41.3;35.9;15.4;4.4;36.6;41.1;53.3;56.3;24.4;56.7;47.2;53.7;40.0;40.5;30.8;34.6;47.3;44.1;13.8;46.3;35.1;41.1;35.3;38.9;42.7;38.4;38.4;35.5;41.7;51.5;44.2;46.6;29.1;49.1;39.0;57.1;50.8;32.7;37.7;26.1;253.9;34.6;51.5;51.5;7.6;52.4;53.7;20.0;45.2;21.9;39.8;32.9;32.9;12.2;15.8;10.2;32.4;29.8;52.8;41.9;46.0;26.2;41.3;51.5;43.4;25.1;35.3;55.4;13.6;48.0;54.9;39.0;33.0;47.7;23.7;33.5;29.2;31.5;15.2;44.6;42.2;54.6;35.7;10.9;39.4;29.2;38.1;44.5;50.9;48.8;47.5;34.0;51.2;26.2;33.8;30.5;32.2;45.1;27.7;49.6;41.1;41.1;46.3;16.6;34.6;38.9;28.8;43.6;58.4;30.0;14.6;5.3;44.3;0.0;52.0;33.5;42.1;31.2;50.1;34.7;27.9;31.3;32.2;57.7;22.7;46.5;49.1;39.9;21.5;29.5;36.6;43.9;48.4;15.5;44.8;12.3;43.9;5.7;60.9;27.4;17.3;39.0;38.5;32.6;61.0;58.7;61.3;36.4;31.4;47.2;55.2;33.2;46.3;41.0;40.9;54.8;57.3;15.8;40.5;40.4;26.1;8.5;32.9;47.9;45.0;45.9;21.2;26.7
Schulstr., 74336 Brackenheim-Stockheim;21.7;5.9;18.5;10.6;24.6;66.7;48.1;75.5;43.4;2.5;72.2;65.8;77.8;24.9;5.3;64.3;14.6;25.5;55.4;15.5;8.9;50.7;10.2;16.9;48.7;49.8;33.5;16.6;28.7;28.7;30.5;48.1;24.5;18.7;8.7;32.1;19.5;24.7;72.9;69.1;23.8;68.7;75.4;278.5;55.4;6.9;6.9;52.0;3.9;13.8;40.4;82.0;70.1;41.2;68.2;56.8;52.4;64.3;54.9;54.1;32.9;10.1;38.6;22.3;37.0;12.6;15.0;65.6;57.8;45.4;5.2;55.9;4.0;69.0;28.2;68.7;74.1;40.9;77.1;75.7;20.8;59.6;58.4;11.9;3.5;48.2;49.3;14.7;27.5;80.0;24.1;8.9;20.6;24.7;53.1;21.7;51.5;19.0;22.3;19.8;22.3;38.0;24.7;19.7;19.7;6.5;58.2;21.5;13.2;34.5;14.4;85.3;76.9;53.5;56.7;55.8;52.0;0.0;31.7;21.7;77.3;5.2;37.1;26.2;64.2;23.1;77.9;45.6;29.6;26.7;12.5;32.5;29.6;86.6;75.2;13.0;39.1;55.9;47.8;59.5;55.6;83.9;31.7;63.0;14.2;20.3;24.3;83.0;71.5;10.4;40.1;71.6;4.8;73.4;80.2;27.5;13.6;14.0;75.5;6.9;65.6;14.1;14.1;36.8;50.4;41.0;22.0;36.4;32.2;34.4;43.8
Schwabbacher Str., 74243 Langenbrettach-Langenbeutingen;20.1;28.0;27.1;24.3;7.2;44.1;29.2;45.1;13.9;34.1;41.8;37.1;46.7;14.6;30.2;32.6;17.2;9.1;23.7;19.0;23.1;24.8;21.9;21.5;18.2;18.1;6.0;15.6;5.2;5.2;2.1;17.9;19.0;14.9;23.2;4.6;18.5;7.9;42.5;38.0;9.6;37.3;49.6;248.6;23.7;27.2;27.2;29.2;34.5;25.6;14.1;50.9;44.2;11.6;37.5;25.2;27.2;39.6;30.7;22.4;3.8;26.5;11.1;14.4;8.0;19.5;22.7;34.0;27.8;13.8;36.8;30.0;29.0;38.8;5.9;38.0;42.4;12.0;48.0;48.0;17.8;33.6;27.5;20.0;32.5;16.6;25.3;17.6;8.4;50.2;12.4;25.5;17.7;15.0;21.4;19.6;20.8;16.5;15.3;19.7;13.7;7.6;17.1;12.6;12.6;25.4;31.3;11.2;24.7;4.9;17.7;53.7;49.3;27.1;36.2;25.1;33.5;31.7;0.0;11.7;49.3;33.4;5.8;12.3;33.3;11.0;46.9;16.1;13.0;16.1;20.9;14.3;5.7;60.6;43.6;21.3;18.3;25.4;23.3;28.3;34.1;52.6;6.7;36.9;18.7;11.4;9.0;51.9;41.8;42.0;9.1;41.8;27.8;42.6;52.5;13.1;18.3;17.9;44.3;38.7;41.5;17.9;17.8;8.0;27.4;9.3;16.3;12.5;12.4;13.0;13.0
Schwabenweg 25, 74172 Neckarsulm-Amorbach;19.0;19.4;15.7;17.3;6.2;54.3;37.7;56.8;21.7;24.2;50.5;48.7;56.2;6.3;19.2;43.5;9.1;11.5;34.8;7.4;14.2;35.6;11.5;17.5;27.1;28.8;11.9;5.2;7.3;7.3;9.9;26.5;9.9;3.3;13.0;14.3;7.2;3.8;51.2;47.5;9.8;48.7;60.7;256.9;34.8;16.1;16.1;39.1;25.0;13.9;24.5;62.4;55.3;19.6;49.2;36.5;37.8;50.3;41.1;33.8;14.4;15.0;16.9;4.0;19.1;11.3;11.0;44.4;39.5;24.3;26.9;40.9;19.8;47.3;6.7;49.7;53.1;23.3;59.7;59.5;16.2;44.6;36.8;11.4;21.8;27.1;35.4;10.5;12.9;61.9;3.7;14.3;6.7;6.4;32.5;9.1;32.5;13.4;14.8;17.5;3.2;19.2;8.2;2.7;2.7;16.1;42.5;8.7;19.0;16.0;7.4;64.0;60.8;38.1;45.6;34.1;42.1;21.7;11.7;0.0;60.8;24.6;16.2;15.1;44.9;10.9;56.3;27.7;9.2;8.8;13.9;20.7;12.9;71.8;54.8;9.8;26.7;34.2;33.6;38.0;43.7;62.3;15.2;47.9;11.9;4.6;9.8;61.4;49.8;31.5;18.8;53.5;18.7;51.8;64.0;7.4;10.0;9.6;54.0;28.6;52.1;9.9;9.9;19.0;37.3;20.4;5.9;15.1;11.3;21.0;24.7
Schönebürgstr., 74564 Crailsheim;56.8;72.0;76.4;67.1;55.2;18.5;32.8;12.5;47.6;79.1;44.3;12.2;40.5;63.6;77.5;29.8;63.4;52.2;32.2;67.8;68.5;26.6;69.2;61.4;44.0;37.7;52.0;63.7;54.4;54.4;51.3;44.9;67.9;63.9;70.0;46.7;67.8;57.0;44.9;39.2;54.1;22.3;8.0;225.3;32.2;74.7;74.7;26.8;78.7;74.5;37.1;19.2;9.5;47.8;16.8;29.5;25.1;15.4;23.4;31.5;46.4;74.9;51.4;63.7;41.8;65.0;71.8;32.7;22.2;41.1;81.6;21.6;73.6;44.9;55.1;16.4;30.7;37.6;5.0;2.0;56.9;18.0;40.3;65.8;79.2;39.3;28.4;62.9;50.2;9.3;61.6;73.5;67.0;63.9;33.7;68.8;29.3;58.3;55.1;58.3;62.9;41.7;65.9;61.1;61.1;70.9;19.1;56.4;65.5;44.8;65.4;37.0;1.8;23.8;26.2;42.0;31.2;77.3;49.3;60.8;0.0;76.8;46.5;51.1;20.1;54.4;41.7;33.2;60.6;64.5;64.7;44.8;48.7;13.0;24.2;69.8;38.5;42.4;29.7;38.5;25.5;41.9;46.3;14.7;63.1;59.1;53.7;42.6;48.1;87.4;45.8;10.4;72.6;41.7;3.3;61.5;64.3;64.0;39.5;83.6;15.8;63.7;63.6;41.9;28.0;42.5;65.5;55.6;58.7;42.8;36.5
Schützenstr., 74389 Cleebronn-Zentrum;20.2;5.4;23.5;9.7;26.3;65.1;46.4;75.9;46.0;4.3;74.7;65.6;80.0;28.6;10.5;65.8;16.3;26.1;56.9;19.3;10.5;50.1;13.4;15.4;51.0;51.5;36.0;19.3;31.0;31.0;32.5;50.5;28.8;21.9;11.8;33.1;23.6;27.0;75.4;71.3;24.6;69.7;74.3;281.4;56.9;11.7;11.7;50.8;2.6;18.6;40.4;82.7;69.2;43.7;68.8;58.0;51.7;63.2;53.9;55.3;34.0;15.0;41.4;25.8;37.7;14.0;19.5;67.3;58.2;47.2;5.5;55.2;4.8;71.6;30.6;69.2;75.7;41.5;76.9;75.1;19.8;58.9;60.7;13.6;8.5;50.0;48.5;15.8;28.0;80.1;27.4;13.5;24.6;28.5;54.6;26.0;52.3;18.8;21.8;18.5;25.7;39.0;28.7;22.2;22.2;8.5;57.7;22.5;11.3;35.6;17.2;87.1;76.2;53.0;55.0;58.1;50.1;5.2;33.4;24.6;76.8;0.0;39.0;26.0;64.8;23.7;80.1;46.0;33.1;30.6;12.8;31.9;30.5;85.5;76.3;17.0;38.3;58.3;47.1;61.6;54.1;86.0;32.3;62.3;14.9;22.3;25.2;85.2;74.2;11.2;42.1;71.7;5.9;75.7;79.6;31.0;15.2;15.6;77.7;7.3;64.3;15.6;15.6;37.5;49.3;42.7;25.9;39.6;35.5;34.1;44.7
Seehäldenweg 12, 74613 Ohrnberg-Ohrnberg;25.6;33.7;30.5;30.1;12.7;43.5;30.6;41.2;8.5;39.5;36.0;34.4;41.0;17.3;35.2;27.3;22.8;14.7;18.7;23.5;28.6;24.0;27.1;27.2;12.5;12.7;5.4;20.7;8.9;8.9;6.6;12.2;21.4;19.5;28.5;8.6;22.2;12.6;36.7;32.3;15.4;32.6;47.7;242.9;18.7;32.2;32.2;29.3;40.0;29.8;14.7;46.4;42.4;6.3;33.5;20.4;26.5;38.4;30.2;17.7;7.3;31.2;7.3;17.9;8.7;25.1;26.9;28.5;24.5;8.2;42.2;28.9;34.6;33.1;9.5;34.0;37.1;11.3;44.7;45.4;23.4;32.2;21.8;25.5;37.7;11.1;25.2;23.3;13.7;46.5;15.7;30.4;21.2;17.6;16.3;22.6;17.3;22.2;20.9;25.4;17.3;7.0;19.6;17.6;17.6;30.9;29.6;17.0;30.5;7.0;22.8;48.2;46.8;26.0;36.6;19.4;34.7;37.1;5.8;16.2;46.5;39.0;0.0;17.5;29.2;16.8;41.2;14.2;14.1;18.0;26.6;18.0;10.8;58.4;38.7;26.0;20.4;19.6;23.3;22.6;34.3;46.9;10.7;35.2;24.4;16.8;14.7;46.2;36.0;47.2;3.3;38.3;33.3;36.8;49.8;15.0;23.9;23.5;38.7;44.1;40.5;23.5;23.4;8.9;27.6;4.3;19.6;10.4;12.4;16.1;10.2
Seemühle, 74245 Löwenstein-Seemühle;8.3;21.0;29.4;16.3;9.6;41.4;23.5;49.9;26.0;28.1;52.7;39.7;56.8;21.0;26.8;41.2;12.9;3.9;32.3;19.5;17.4;24.5;18.8;11.2;29.7;28.0;17.9;14.9;14.4;14.4;13.1;29.6;24.9;16.6;19.3;9.1;21.7;12.9;53.4;48.4;5.3;44.2;49.4;259.1;32.3;24.2;24.2;26.3;27.8;25.9;14.4;56.9;44.1;23.7;42.8;33.0;26.3;38.4;29.0;30.5;10.4;25.1;23.3;19.1;12.6;14.1;23.6;43.2;32.2;24.4;30.6;29.7;22.6;50.0;14.7;43.3;51.1;15.8;51.0;49.5;6.7;33.4;38.3;15.0;28.2;26.9;23.3;12.0;3.9;54.1;18.2;23.3;21.5;21.3;30.2;24.0;26.6;7.3;4.3;8.6;18.3;14.3;23.2;13.5;13.5;19.9;32.0;6.8;15.3;11.4;15.8;62.7;50.7;27.3;31.9;36.3;27.9;26.2;12.3;15.1;51.1;26.0;17.5;0.0;39.0;4.4;57.1;20.2;22.0;23.4;13.7;6.6;6.7;60.6;51.0;20.6;13.3;36.6;21.7;38.8;30.4;62.5;7.4;36.9;12.0;10.9;5.4;61.9;53.1;36.4;20.8;45.7;21.5;53.1;54.0;21.1;13.6;13.4;54.4;32.6;39.9;13.0;12.9;12.3;24.6;19.7;20.9;24.2;22.7;8.2;19.5
Seestr. 72, 74595 Langenburg;46.4;59.6;59.7;55.1;40.1;27.9;30.1;12.0;28.4;66.3;27.0;10.5;25.8;46.4;63.3;10.6;49.6;38.8;12.4;52.3;55.2;19.1;54.9;50.2;24.2;18.3;34.5;48.8;37.8;37.8;35.1;25.1;50.5;48.2;56.0;32.0;51.3;41.2;27.7;21.5;40.4;6.4;24.8;223.9;12.4;60.3;60.3;23.9;66.3;58.8;24.9;17.9;21.0;29.0;4.3;9.7;19.6;21.4;21.2;12.2;31.4;59.8;32.7;47.1;27.2;51.6;55.9;14.0;7.2;22.4;69.0;17.7;60.9;26.7;38.5;4.9;16.4;23.3;16.8;19.8;45.6;17.2;20.3;52.3;65.4;20.1;22.3;49.5;36.8;17.5;44.9;58.7;50.4;46.8;14.2;51.8;12.6;46.1;43.3;47.4;46.5;26.3;48.6;45.9;45.9;57.7;14.9;42.7;54.3;29.7;50.7;27.2;21.1;17.1;28.7;21.9;31.3;64.2;33.3;44.9;20.1;64.8;29.2;39.0;0.0;41.2;26.9;18.8;42.8;46.9;52.1;34.1;34.5;33.1;13.1;54.5;29.5;22.4;22.2;18.6;26.5;29.7;32.5;17.3;50.1;44.4;39.8;29.8;30.3;74.5;27.6;10.1;59.8;25.2;23.2;44.0;50.6;50.2;24.1;70.9;23.7;50.1;50.0;27.4;23.7;24.9;48.8;36.9;40.6;31.5;20.5
Seestr., 74251 Lehrensteinsfeld-Zentrum;9.4;18.4;25.0;14.1;6.1;45.5;27.8;52.4;24.9;25.2;52.7;42.7;57.3;17.0;23.1;42.3;9.0;2.4;33.4;15.1;14.2;28.0;14.9;10.5;29.2;28.4;15.8;10.6;11.6;11.6;11.1;28.9;20.7;12.2;15.6;9.5;17.3;9.2;53.4;48.7;1.5;46.0;53.1;259.5;33.4;20.4;20.4;30.3;25.2;21.6;17.4;59.1;47.8;22.5;45.2;34.4;29.9;42.3;32.8;31.8;10.5;21.1;21.5;14.9;14.0;10.7;19.3;44.1;34.7;24.4;27.9;33.3;19.8;49.8;11.6;45.7;52.3;17.9;54.0;52.9;6.9;37.1;38.3;11.4;24.8;27.1;27.1;8.5;4.4;56.9;14.2;19.4;17.2;17.2;31.2;19.7;28.6;5.5;4.6;8.8;14.1;15.3;19.1;9.2;9.2;16.7;35.4;2.5;13.9;12.0;11.5;63.8;54.1;30.8;36.2;36.1;32.2;23.1;11.0;10.9;54.4;23.7;16.8;4.4;41.2;0.0;57.5;22.5;18.5;19.4;10.9;10.8;6.8;64.4;52.7;16.4;17.4;36.3;25.4;39.0;34.6;63.1;8.7;40.5;8.9;6.6;2.1;62.4;52.8;33.5;20.1;48.5;18.6;53.3;57.4;17.3;9.9;9.6;54.9;29.8;43.8;9.3;9.2;13.8;28.6;19.7;16.7;21.7;19.5;11.9;21.0
Seewiese 2, 97990 Laudenbach;65.4;74.8;67.3;71.2;53.9;54.4;55.8;29.3;34.6;80.4;6.9;36.6;1.3;54.6;75.3;17.8;63.9;55.3;25.4;63.2;69.7;44.3;67.7;67.9;29.2;29.2;44.4;61.3;49.3;49.3;47.7;29.8;57.3;59.4;69.2;48.2;60.5;53.3;6.7;8.8;56.3;21.1;48.8;202.0;25.4;72.3;72.3;50.0;81.0;68.4;45.8;25.1;46.4;36.7;27.1;25.8;45.5;48.0;47.7;27.5;47.1;70.7;39.6;56.6;44.7;66.2;65.7;14.7;32.6;33.1;83.1;44.2;75.6;10.2;49.7;27.3;11.2;42.5;36.9;42.4;63.7;44.0;19.5;66.6;78.0;30.4;47.6;64.4;53.8;33.9;54.5;70.4;59.3;54.9;27.2;59.7;33.3;63.0;61.1;65.7;56.3;42.9;56.0;58.2;58.2;71.9;41.6;58.1;71.4;45.8;63.5;10.8;43.4;43.1;55.4;22.2;57.7;77.9;46.9;56.3;41.7;80.1;41.2;57.1;26.9;57.5;0.0;39.4;49.9;53.9;67.7;54.5;50.9;53.6;17.6;65.8;52.1;22.0;46.9;18.5;53.2;6.3;49.7;44.0;65.5;57.9;55.6;5.2;10.4;87.7;38.0;32.3;74.4;4.6;43.9;51.8;64.9;64.5;2.9;84.8;50.2;64.6;64.5;45.0;49.5;37.8;57.6;42.6;47.2;51.8;38.2
Siercker Str. 9, 74638 Waldenburg;27.7;40.8;43.2;36.3;22.1;29.5;19.2;30.0;18.8;47.7;36.4;21.1;38.8;30.6;45.0;22.2;31.1;20.1;14.1;34.7;36.6;10.2;36.6;31.4;18.4;12.8;19.5;30.9;21.3;21.3;18.2;18.9;35.0;30.8;37.7;13.7;34.6;23.9;37.1;31.3;21.8;24.1;33.6;240.6;14.1;42.1;42.1;16.1;47.6;41.4;6.5;36.7;28.3;17.8;22.7;13.8;12.6;24.2;16.4;11.9;13.4;42.0;20.6;30.6;8.8;33.0;38.7;24.8;12.3;12.6;50.3;14.7;42.2;34.3;22.0;23.2;31.8;4.6;32.1;31.9;26.8;18.0;23.1;33.7;47.0;13.0;12.1;30.9;18.1;34.6;28.5;40.7;33.8;30.9;12.6;35.7;6.6;27.2;24.5;28.6;29.8;8.5;33.0;28.1;28.1;39.1;15.4;24.1;35.5;11.7;32.6;43.5;33.2;11.8;23.5;22.2;22.7;45.6;16.1;27.7;33.2;46.0;14.2;20.2;18.8;22.5;39.4;0.0;28.1;31.8;33.3;15.7;16.0;44.5;31.0;36.8;12.7;22.6;10.4;22.7;21.0;44.1;13.9;21.1;31.4;26.3;21.3;43.8;37.9;55.9;14.7;26.2;41.1;36.0;36.4;28.7;32.1;31.7;36.6;52.3;26.4;31.5;31.5;8.9;14.6;11.0;32.4;24.4;26.6;13.0;4.3
Siglinger Str., 74861 Neudenau-Zentrum;27.6;28.2;17.7;26.4;12.5;56.9;42.1;54.8;15.9;32.1;43.7;48.5;50.1;4.8;26.0;39.2;18.3;18.1;31.3;14.1;23.0;37.5;19.7;26.6;21.4;25.0;8.7;14.1;8.2;8.2;10.9;20.6;7.8;11.2;21.3;17.4;10.6;9.3;44.3;41.4;17.1;45.5;61.7;249.2;31.3;23.2;23.2;42.2;33.2;18.5;27.1;59.3;56.4;14.4;47.1;33.5;39.9;52.1;43.5;30.8;16.7;21.0;10.8;7.3;20.8;20.4;15.9;39.6;38.5;20.6;34.6;42.6;28.3;40.4;7.7;47.7;48.3;24.5;58.8;59.5;24.8;46.0;30.9;20.4;28.9;23.2;38.2;19.7;18.8;60.3;5.8;21.1;9.5;5.1;29.1;9.8;31.4;22.2;23.0;26.3;7.4;19.9;6.2;11.9;11.9;24.6;43.5;16.9;28.2;17.8;16.0;58.5;60.9;39.7;49.2;28.1;46.5;29.6;13.0;9.2;60.6;33.1;14.1;22.0;42.8;18.5;49.9;28.1;0.0;4.2;23.1;26.3;17.4;72.5;51.0;16.6;31.1;28.1;36.2;32.4;47.1;56.1;19.2;49.2;21.2;13.5;16.8;55.1;42.5;38.6;15.2;52.2;27.2;45.3;63.9;2.1;19.2;18.8;47.9;36.2;54.2;19.1;19.1;20.8;40.3;18.2;7.8;7.3;2.8;25.6;24.2
Sonnenstr., 74831 Gundelsheim-Höchstberg;27.8;26.1;13.5;25.0;13.8;60.2;44.7;58.9;20.1;29.2;47.6;52.4;54.0;2.6;22.8;43.4;17.2;19.5;35.5;11.3;21.1;40.9;17.3;26.2;25.5;29.2;12.6;12.6;10.9;10.9;14.0;24.7;3.6;9.6;18.9;20.2;7.3;10.5;48.1;45.5;18.2;49.7;65.4;252.5;35.5;20.1;20.1;45.2;30.5;14.8;30.2;63.5;60.0;18.5;51.2;37.7;43.3;55.6;46.8;35.0;19.7;17.6;15.0;5.3;24.1;19.0;12.3;43.7;42.5;24.7;31.7;46.1;25.9;44.2;10.3;51.8;52.4;27.9;62.8;63.4;25.0;49.5;35.0;18.8;25.7;27.4;41.3;18.7;20.6;64.4;5.2;18.0;6.2;2.5;33.3;5.8;35.3;22.2;23.6;26.3;5.9;23.4;2.2;11.3;11.3;22.3;47.1;17.4;27.2;21.0;14.3;62.6;64.7;43.1;52.2;32.1;49.1;26.7;16.1;8.8;64.5;30.6;18.0;23.4;46.9;19.4;53.9;31.8;4.2;0.0;21.9;28.3;19.7;76.3;55.2;13.7;33.7;32.1;39.4;36.5;50.1;60.1;21.7;52.8;20.2;13.4;18.0;59.0;46.1;35.3;19.3;56.3;24.9;49.2;67.8;3.0;17.9;17.5;51.9;33.1;57.6;17.9;18.0;24.1;43.4;22.2;4.8;11.3;6.8;28.0;28.0
Sontheimer Str., 74388 Talheim-Zentrum;10.2;7.5;20.9;3.5;14.0;54.4;35.9;63.3;34.0;14.4;62.5;53.3;67.5;19.4;13.8;53.1;4.8;13.3;44.1;12.1;4.2;38.1;7.5;5.8;38.8;38.9;24.1;9.3;19.2;19.2;20.2;38.4;21.4;12.4;7.2;20.3;16.3;15.3;63.2;58.9;11.8;56.9;62.9;269.4;44.1;11.8;11.8;39.5;14.3;16.1;28.0;70.0;57.6;31.7;56.1;45.2;39.9;51.8;42.4;42.6;21.2;13.9;29.8;16.6;25.0;3.0;15.0;54.7;45.6;34.7;17.0;43.3;8.9;59.5;18.9;56.6;63.0;28.8;64.6;63.1;8.5;47.0;48.3;3.6;14.8;37.5;36.8;3.5;15.3;67.7;17.4;11.7;16.9;19.5;41.9;19.1;39.5;6.5;9.8;8.0;16.1;26.2;20.5;11.2;11.2;6.4;45.7;9.8;5.3;22.8;7.9;74.4;64.3;41.0;44.5;45.9;39.9;12.5;20.9;13.9;64.7;12.8;26.6;13.7;52.1;10.9;67.7;33.3;23.1;21.9;0.0;20.0;17.7;74.1;63.6;11.3;26.6;46.1;35.3;49.2;43.3;73.5;19.6;50.5;2.2;10.4;12.5;72.7;62.3;22.7;29.8;59.2;7.8;63.4;67.7;21.3;4.1;4.4;65.2;19.0;53.2;4.0;4.0;24.8;37.9;30.1;17.5;28.7;25.2;21.9;31.9
Sportgaststätte Bellissima, 71543 Wüstenrot;12.4;27.1;35.7;22.3;14.7;34.8;17.1;44.4;26.4;34.3;50.7;33.7;54.0;26.2;33.3;37.7;19.5;9.3;29.2;25.9;23.9;18.2;25.4;16.6;29.0;25.8;20.2;21.3;18.1;18.1;15.8;29.1;30.4;22.7;25.9;9.8;27.7;17.8;51.4;46.0;11.2;39.7;42.9;256.1;29.2;30.8;30.8;19.7;33.9;32.4;9.3;51.8;37.6;24.3;37.7;29.3;19.9;31.9;22.4;27.1;10.9;31.7;24.9;24.7;10.4;20.7;30.0;40.1;27.1;23.1;36.8;23.3;28.8;48.2;18.6;38.1;47.5;12.0;45.0;43.2;12.1;27.0;36.5;21.6;34.7;25.1;16.8;18.6;7.8;48.3;23.4;30.0;27.3;26.4;27.3;29.8;22.3;13.5;10.3;13.6;23.8;12.5;28.5;19.6;19.6;26.3;25.8;13.2;20.8;11.0;22.3;59.1;44.4;21.1;25.4;34.9;21.5;32.5;14.3;20.7;44.8;31.9;18.0;6.6;34.1;10.8;54.5;15.7;26.3;28.3;20.0;0.0;8.9;54.1;46.6;27.1;6.7;35.2;15.3;36.7;23.8;59.5;7.6;30.5;18.6;17.1;11.1;59.0;51.6;42.6;20.9;40.0;27.8;50.7;47.7;25.7;20.2;20.0;51.7;38.8;33.3;19.6;19.5;10.1;18.0;18.7;26.5;26.8;26.3;2.7;16.3
Sportplatzweg, 74626 Bretzfeld-Waldbach;14.8;25.1;28.5;20.9;6.8;41.4;25.1;46.0;19.3;31.8;46.2;36.8;50.6;17.7;29.0;35.5;15.1;4.4;26.6;19.3;20.7;22.8;20.6;17.0;23.1;21.7;11.6;15.1;9.2;9.2;7.0;22.9;22.0;15.5;21.6;2.7;20.1;9.5;47.0;42.1;5.9;39.2;48.0;252.9;26.6;26.1;26.1;26.2;31.9;26.0;11.8;52.4;42.6;17.0;38.6;27.5;25.0;37.5;28.3;24.9;3.8;26.2;16.8;16.6;7.4;17.1;23.4;37.3;28.3;17.9;34.5;28.2;26.4;43.4;9.7;39.1;45.5;11.4;48.0;47.2;12.8;31.9;31.9;17.7;31.0;20.5;22.5;14.9;3.0;50.6;15.0;24.8;19.5;18.0;24.4;21.9;21.9;12.2;10.3;14.8;15.7;8.5;20.1;12.6;12.6;23.2;30.0;8.1;20.7;5.2;16.7;57.0;48.5;25.5;32.8;29.7;29.5;29.6;5.7;12.9;48.7;30.5;10.8;6.7;34.5;6.8;50.9;16.0;17.4;19.7;17.7;8.9;0.0;59.2;45.9;21.1;14.1;30.0;20.7;32.4;30.9;56.4;2.4;35.3;15.6;10.4;5.3;55.8;46.5;40.0;14.1;42.2;25.2;46.7;51.8;16.9;16.1;15.7;48.2;36.4;39.3;15.6;15.5;7.2;24.4;13.1;18.5;18.1;17.4;8.4;14.2
Sportzentrum 2, 74579 Fichtenau-Matzenbach;65.3;81.0;87.5;76.2;65.9;21.4;39.5;24.7;60.2;88.3;56.8;24.4;52.3;75.1;87.4;42.8;73.4;62.3;45.1;78.5;78.0;36.5;79.3;70.1;56.8;50.4;63.8;74.3;65.8;65.8;62.7;57.7;79.5;74.7;79.9;57.5;78.9;68.1;57.3;51.9;64.3;35.2;11.3;228.0;45.1;84.7;84.7;34.7;87.6;85.3;47.4;29.3;16.6;60.2;29.8;42.4;34.4;22.3;31.7;44.3;57.4;85.3;63.8;75.0;52.8;74.8;82.6;45.6;34.6;53.6;90.6;31.1;82.8;57.6;66.5;29.4;42.8;48.6;17.2;13.4;65.9;27.4;53.3;75.6;88.8;51.9;37.4;72.6;60.3;19.8;73.0;83.7;78.2;75.5;46.5;80.2;41.5;67.7;64.3;67.1;74.2;53.0;77.5;71.8;71.8;80.5;29.3;66.6;74.2;55.9;75.7;47.5;12.1;33.8;31.4;55.0;36.6;86.6;60.6;71.8;13.0;85.5;58.4;60.6;33.1;64.4;53.6;44.5;72.5;76.3;74.1;54.1;59.2;0.0;36.2;80.3;47.5;55.5;39.0;51.6;31.7;53.0;56.9;23.9;72.7;69.6;63.9;53.9;60.7;96.5;57.9;23.4;81.8;54.1;10.1;73.2;74.1;73.9;51.6;92.6;21.2;73.6;73.5;52.9;36.2;54.6;76.8;67.9;70.7;52.5;48.3
Stadionweg 9, 74575 Schrozberg;58.7;71.0;68.5;66.7;50.7;38.0;43.0;11.7;35.3;77.5;20.8;20.5;16.3;55.2;73.8;11.8;60.6;50.3;20.0;62.2;66.4;32.1;65.5;62.2;30.1;26.1;43.4;59.2;47.5;47.5;45.1;30.9;58.8;58.1;66.8;43.2;60.5;51.2;21.3;16.6;51.7;6.9;31.4;210.8;20.0;70.7;70.7;36.7;77.7;68.3;37.3;9.4;29.4;36.6;11.1;18.4;32.5;32.0;33.8;21.2;42.4;69.8;40.3;56.4;38.7;62.7;65.5;12.5;20.2;30.7;80.2;30.3;72.2;22.2;48.2;11.1;6.7;35.2;19.3;24.9;57.7;29.1;22.2;63.3;76.1;27.9;35.3;60.7;48.4;16.5;54.1;69.0;59.5;55.5;22.3;60.6;24.4;57.8;55.3;59.5;55.8;37.4;57.1;56.1;56.1;68.8;27.3;53.9;66.2;40.8;61.2;14.6;25.8;30.1;40.7;24.9;43.9;75.2;43.6;54.8;24.2;76.3;38.7;51.0;13.1;52.7;17.6;31.0;51.0;55.2;63.6;46.6;45.9;36.2;0.0;64.6;42.4;25.1;35.2;20.3;38.8;18.3;44.1;28.3;61.5;55.0;51.1;18.8;24.9;85.5;36.3;15.1;71.0;18.0;26.4;52.5;61.6;61.3;15.4;82.1;33.9;61.2;61.1;38.9;36.6;34.5;57.8;44.2;48.4;43.9;31.7
Steinbrünnleswiesen 1, 74078 Heilbronn-Kirchhausen;20.6;12.9;9.6;13.3;14.7;61.8;44.1;66.3;31.2;15.5;59.9;57.8;65.8;11.9;9.6;53.3;8.3;18.1;44.6;2.6;8.6;43.8;4.2;17.0;36.6;38.6;21.6;6.0;17.1;17.1;19.6;36.0;11.8;6.5;5.6;23.1;6.5;13.4;60.5;57.1;16.1;58.5;69.1;265.7;44.6;6.6;6.6;46.6;16.7;5.3;32.9;72.1;63.7;29.2;58.8;46.3;45.9;58.4;49.0;43.5;23.5;5.3;26.2;9.4;28.1;8.5;3.6;54.2;48.9;34.1;18.0;49.2;12.4;56.6;16.5;59.3;62.9;32.3;68.9;68.3;18.3;52.9;46.4;7.8;12.3;36.9;43.3;9.8;20.0;71.3;11.3;4.6;7.6;11.7;42.3;9.0;42.0;15.3;18.3;18.6;9.5;28.5;11.7;8.7;8.7;9.1;51.1;14.0;16.2;25.1;4.9;73.7;69.6;46.5;52.5;43.6;48.4;13.0;21.3;9.8;69.8;17.0;26.0;20.6;54.5;16.4;65.8;36.8;16.6;13.7;11.3;27.1;21.1;80.3;64.6;0.0;33.7;43.7;41.5;47.6;50.9;71.9;23.5;56.4;10.8;10.7;16.5;70.9;58.9;22.1;28.5;62.9;11.5;61.2;72.9;14.5;8.1;8.1;63.5;19.5;60.0;8.6;8.6;27.9;44.8;30.1;9.0;23.7;19.3;28.1;34.2
Steinbühl, 74535 Mainhardt;18.3;33.6;42.0;28.8;20.5;28.1;11.0;39.0;27.9;40.8;49.1;27.8;51.5;31.7;40.0;34.6;26.2;15.7;26.8;32.3;30.6;12.0;32.1;22.9;29.4;24.9;24.0;27.8;23.0;23.0;20.2;29.7;36.1;29.0;32.6;13.8;33.8;23.5;49.8;44.0;17.6;35.5;36.2;252.9;26.8;37.5;37.5;13.0;40.3;38.9;6.8;46.8;31.0;26.2;32.8;26.3;13.4;25.2;15.8;24.6;14.6;38.4;27.7;30.5;11.7;27.4;36.5;37.5;22.3;23.3;43.3;16.9;35.3;46.9;23.5;33.1;44.1;10.8;39.0;36.8;18.5;20.6;35.5;28.3;41.3;24.6;10.2;25.3;13.9;42.6;29.1;36.6;33.4;32.0;25.3;35.8;18.9;20.2;16.9;19.8;29.7;13.6;34.2;25.9;25.9;33.0;19.6;19.7;27.0;13.9;28.9;55.7;37.9;14.9;18.9;34.3;15.5;39.1;18.3;26.7;38.5;38.3;20.4;13.3;29.5;17.4;52.1;12.7;31.1;33.7;26.6;6.7;14.1;47.5;42.4;33.7;0.0;34.7;8.9;35.3;17.2;56.7;12.0;24.0;25.2;23.4;17.4;56.4;50.5;49.1;22.7;34.4;34.3;48.7;41.3;30.9;26.9;26.7;49.2;45.2;26.6;26.3;26.2;11.5;11.3;19.7;32.5;30.3;30.7;5.8;15.1
Stichele 1, 74238 Krautheim-Gommersdorf;44.8;53.0;45.6;49.6;32.1;47.5;41.7;32.6;12.5;58.4;16.5;32.1;22.1;32.7;53.3;13.8;42.0;34.2;11.2;41.1;47.8;31.1;45.7;46.8;7.2;9.9;22.4;39.3;27.3;27.3;25.9;7.8;35.6;37.4;47.2;27.5;38.5;31.3;17.2;13.4;34.9;21.6;46.8;223.3;11.2;50.3;50.3;37.5;59.0;46.4;27.9;34.4;42.4;14.7;25.8;13.8;33.2;41.1;36.5;12.9;26.2;48.6;17.5;34.6;24.9;44.4;43.7;12.6;22.9;12.2;61.1;33.6;53.7;13.5;27.8;26.4;20.9;24.0;38.8;42.1;42.8;35.2;3.0;44.7;56.0;10.2;33.9;42.7;33.0;38.5;32.5;48.3;37.4;33.0;11.0;37.9;18.8;41.8;40.3;44.8;34.3;22.8;34.2;36.3;36.3;50.0;32.3;36.6;50.1;25.2;41.5;30.5;43.4;31.3;44.4;0.5;44.8;55.9;25.4;34.2;42.4;58.3;19.6;36.6;22.4;36.3;22.0;22.6;28.1;32.1;46.1;35.2;30.0;55.5;25.1;43.7;34.7;0.0;32.6;4.8;41.9;28.1;29.3;37.0;43.8;36.0;34.3;27.2;16.5;65.7;16.3;32.2;52.5;17.5;45.5;29.9;43.1;42.7;19.8;62.8;43.5;42.7;42.7;25.2;36.3;16.9;35.6;20.8;25.3;32.7;19.6
Stuttgarter Str. 181, 74545 Michelfeld;27.2;42.4;49.2;37.5;27.5;20.8;9.2;30.6;29.0;49.6;44.9;19.0;46.2;37.8;48.4;29.1;34.4;23.4;22.7;39.9;39.1;3.3;40.3;31.7;28.8;22.9;28.1;35.5;28.5;28.5;25.4;29.3;42.2;36.2;41.0;19.4;40.8;30.0;45.7;39.5;25.4;28.5;27.7;246.1;22.7;45.8;45.8;6.0;49.1;46.6;9.2;38.7;22.4;27.9;24.9;21.4;4.6;16.9;7.6;20.5;19.7;46.4;30.3;37.1;15.4;35.8;44.0;32.3;15.1;23.0;52.0;8.1;44.1;43.3;29.2;25.2;37.8;12.1;30.2;28.0;27.3;11.8;32.6;36.7;49.9;23.4;1.9;33.7;21.5;33.9;35.3;44.8;40.2;38.1;21.9;42.4;14.2;28.8;25.5;28.7;36.2;16.5;40.3;33.2;33.2;41.6;10.7;27.6;35.9;18.4;36.8;49.2;29.1;6.1;13.3;32.1;12.3;47.8;23.3;33.6;29.7;47.1;23.3;21.7;22.2;25.4;46.9;10.4;36.2;39.4;35.3;15.3;20.7;39.0;35.2;41.5;8.9;32.6;0.0;31.9;11.0;50.9;18.3;15.2;33.7;30.9;25.0;50.8;47.0;57.9;24.5;25.8;43.0;44.0;32.5;36.4;35.2;34.9;44.0;54.0;18.6;34.6;34.5;15.4;4.3;21.0;39.0;33.7;35.2;13.5;14.5
TSV Dörzbach, 74677 Dörzbach-Zentrum;47.1;56.3;50.0;52.7;35.3;45.0;41.1;28.2;16.6;62.0;14.0;28.8;18.4;36.9;57.2;9.2;45.4;36.8;9.3;45.1;51.2;30.1;49.4;49.4;11.1;10.9;26.1;42.9;30.9;30.9;29.2;11.8;40.1;41.2;50.8;29.8;42.7;34.9;14.7;9.7;37.7;17.1;43.4;220.4;9.3;54.1;54.1;36.4;62.5;50.6;28.6;29.6;39.3;18.5;21.8;11.3;31.9;38.5;35.0;11.4;28.6;52.7;21.7;38.7;26.6;47.7;47.8;7.8;20.5;14.6;64.7;31.8;57.1;11.6;31.4;22.3;16.2;25.0;34.7;38.4;45.3;33.0;1.9;48.1;59.8;11.9;33.1;45.9;35.4;34.1;36.5;52.2;41.5;37.3;10.1;42.2;17.7;44.5;42.7;47.3;38.3;24.7;38.6;39.9;39.9;53.4;30.1;39.5;52.9;27.4;45.1;26.2;39.6;29.8;43.0;4.6;43.9;59.5;28.3;38.0;38.5;61.6;22.6;38.8;18.6;39.0;18.5;22.7;32.4;36.5;49.2;36.7;32.4;51.6;20.3;47.6;35.3;4.8;31.9;0.0;40.5;24.4;31.4;34.3;47.0;39.4;37.1;23.6;15.2;69.5;19.5;28.2;55.9;14.3;41.6;34.2;46.4;46.0;16.1;66.5;41.0;46.1;46.0;26.9;35.3;19.3;39.8;25.2;29.7;34.1;20.5
TSV Eutendorf, 74405 Gaildorf-Eutendorf;34.0;49.8;59.2;45.0;37.5;11.1;7.8;31.0;39.8;57.1;52.3;18.9;52.2;48.3;56.9;35.7;43.3;32.9;31.2;49.5;47.4;11.0;49.2;38.8;39.1;32.8;39.0;45.0;39.2;39.2;36.2;39.7;52.8;46.1;49.6;30.0;50.9;40.3;53.1;46.7;34.8;32.7;20.9;248.3;31.2;54.5;54.5;5.0;56.3;56.1;20.0;39.6;16.4;38.7;27.6;29.3;8.8;10.2;5.6;29.2;30.4;55.5;41.3;47.4;26.3;44.4;53.7;39.2;20.8;33.6;59.3;9.0;51.7;51.2;39.8;27.7;42.9;23.1;27.8;23.6;34.8;9.7;41.4;45.2;58.0;33.5;9.1;42.3;31.1;32.4;45.8;53.7;50.4;48.7;31.0;52.7;23.1;36.9;33.6;35.8;46.6;27.5;50.8;43.1;43.1;49.7;11.6;36.9;42.8;29.2;46.1;53.3;24.4;10.7;2.5;41.5;5.7;55.6;34.1;43.7;25.5;54.1;34.3;30.4;26.5;34.6;53.2;21.0;47.1;50.1;43.3;23.8;30.9;31.7;38.8;50.9;17.2;41.9;11.0;40.5;0.0;56.1;28.6;11.6;42.1;40.6;34.6;56.3;54.9;65.2;35.5;25.8;50.8;50.9;27.7;47.2;43.9;43.7;50.3;61.2;10.6;43.4;43.3;26.3;6.8;31.9;49.4;44.7;46.1;22.9;25.3
TSV Röttingen, 97285 Röttingen-Zentrum;70.7;80.6;73.5;76.9;59.7;56.2;59.4;29.5;40.6;86.3;13.1;38.6;6.1;60.8;81.4;22.0;69.7;60.8;30.3;69.3;75.5;48.1;73.7;73.4;35.2;34.7;50.4;67.3;55.2;55.2;53.5;35.9;63.5;65.5;75.2;53.7;66.6;59.2;12.8;14.8;61.9;23.4;49.4;196.7;30.3;78.4;78.4;53.4;86.9;74.5;50.6;23.7;47.7;42.7;29.0;30.4;49.0;50.1;50.8;32.4;52.6;76.8;45.7;62.7;50.0;72.0;71.8;19.4;36.0;38.8;89.0;47.3;81.5;16.5;55.7;29.1;13.2;47.5;36.9;42.9;69.1;46.7;25.5;72.5;84.1;36.0;51.3;70.2;59.3;33.3;60.6;76.4;65.5;61.1;32.3;65.9;37.7;68.6;66.6;71.1;62.4;48.2;62.2;64.2;64.2;77.8;44.5;63.8;77.0;51.3;69.4;6.2;43.6;46.5;58.3;28.2;60.9;83.9;52.6;62.3;41.9;86.0;46.9;62.5;29.7;63.1;6.3;44.1;56.1;60.1;73.5;59.5;56.4;53.0;18.3;71.9;56.7;28.1;50.9;24.4;56.1;0.0;55.1;46.2;71.3;63.7;61.2;1.5;16.2;93.8;43.9;33.4;80.3;10.9;43.7;58.0;70.8;70.4;8.3;90.8;52.1;70.4;70.4;50.3;53.0;43.5;63.8;48.8;53.3;56.8;43.2
TSV Schwabbach, 74626 Bretzfeld-Schwabbach;15.7;27.1;30.9;22.7;9.1;39.1;23.0;43.8;19.3;33.8;45.3;34.5;49.4;19.8;31.3;33.9;17.3;6.3;25.1;21.6;22.8;20.4;22.9;18.4;22.6;20.6;12.7;17.4;11.0;11.0;8.4;22.5;24.2;17.9;23.9;2.2;22.4;11.7;46.0;41.0;8.0;37.4;45.7;251.7;25.1;28.4;28.4;23.9;33.8;28.4;9.4;50.4;40.3;17.0;36.5;25.8;22.6;35.1;25.9;23.3;3.4;28.6;17.4;18.8;5.4;19.2;25.8;35.9;26.1;17.1;36.5;25.8;28.4;42.6;11.5;37.0;43.9;9.2;45.7;44.9;14.0;29.5;31.0;19.9;33.2;19.5;20.2;17.0;4.4;48.4;17.2;27.1;21.9;20.1;22.9;24.1;19.9;13.8;11.5;15.9;18.0;6.9;22.3;15.0;15.0;25.3;27.6;10.3;22.2;4.1;19.0;55.5;46.2;23.1;30.6;29.0;27.4;31.7;6.7;15.2;46.3;32.3;10.7;7.4;32.5;8.7;49.7;13.9;19.2;21.7;19.6;7.6;2.4;56.9;44.1;23.5;12.0;29.3;18.3;31.4;28.6;55.1;0.0;32.9;17.6;12.8;7.4;54.5;45.8;42.1;13.9;40.0;27.3;45.7;49.5;18.9;18.2;17.9;47.0;38.4;36.9;17.7;17.6;5.2;22.1;12.3;20.8;19.2;18.9;6.5;12.4
TSV Vellberg, 74541 Vellberg-Talheim;42.2;57.6;63.7;52.8;42.0;10.7;18.3;19.5;38.4;64.8;44.3;7.7;42.9;51.4;63.6;27.7;49.5;38.4;25.8;54.6;54.4;12.6;55.4;46.9;36.1;29.4;40.5;50.3;42.1;42.1;39.0;36.9;55.9;50.8;56.1;33.6;55.1;44.2;45.0;38.7;40.4;22.9;12.7;236.8;25.8;60.9;60.9;12.1;64.3;61.3;23.5;28.1;7.3;38.0;17.2;23.2;10.6;4.2;8.7;24.2;33.6;61.4;41.2;51.2;29.0;51.0;58.7;31.1;14.0;31.7;67.3;7.2;59.3;43.7;42.8;17.2;33.2;24.9;16.3;12.9;42.5;3.5;35.7;51.8;65.1;30.7;13.8;48.9;36.4;20.8;49.2;59.8;54.4;51.8;26.4;56.4;19.5;44.0;40.8;43.8;50.4;29.4;53.9;47.9;47.9;56.8;5.7;42.7;51.0;32.1;51.8;42.8;14.0;9.9;13.0;36.5;17.3;63.0;36.9;47.9;14.7;62.3;35.2;36.9;17.3;40.5;44.0;21.1;49.2;52.8;50.5;30.5;35.3;23.9;28.3;56.4;24.0;37.0;15.2;34.3;11.6;46.2;32.9;0.0;49.0;45.7;40.0;46.5;47.4;73.1;35.3;14.4;58.3;42.5;17.4;49.7;50.3;50.1;41.3;69.2;6.6;49.8;49.7;29.0;13.2;31.7;53.1;45.2;47.6;28.7;25.1
Talheimer Str. 1, 74223 Flein-Zentrum;9.9;9.5;20.4;5.7;11.7;53.2;34.9;61.4;31.8;16.3;60.3;51.6;65.3;17.7;14.8;50.9;3.1;11.3;42.0;11.0;5.4;36.5;7.6;6.4;36.6;36.7;21.9;7.7;17.0;17.0;17.9;36.2;19.9;10.7;7.6;18.2;15.0;13.2;61.0;56.7;9.7;54.9;61.4;267.2;42.0;12.5;12.5;38.2;16.2;15.9;26.2;68.0;56.1;29.4;54.1;43.1;38.3;50.4;41.0;40.5;19.1;14.1;27.6;14.9;22.9;2.4;14.4;52.5;43.7;32.5;18.9;41.8;10.8;57.3;16.7;54.6;60.8;26.8;62.9;61.5;7.7;45.5;46.1;3.3;16.2;35.3;35.3;1.5;13.3;65.8;15.5;12.1;15.5;17.7;39.7;17.9;37.5;5.2;8.5;7.8;14.4;24.1;19.0;9.3;9.3;7.9;44.0;7.6;7.1;20.7;6.7;72.2;62.7;39.3;43.4;43.6;39.0;14.2;18.7;11.9;63.1;14.9;24.4;12.0;50.1;8.9;65.5;31.4;21.2;20.2;2.2;18.6;15.6;72.7;61.5;10.8;25.2;43.8;33.7;47.0;42.1;71.3;17.6;49.0;0.0;8.2;10.4;70.5;60.0;24.5;27.6;57.4;9.7;61.2;66.1;19.4;2.7;2.9;63.0;20.9;51.8;2.4;2.4;22.7;36.5;27.9;15.9;26.5;23.1;20.3;29.9
Talstr. 21, 74235 Erlenbach-Zentrum;14.4;16.9;18.6;13.9;4.3;51.4;34.2;56.0;23.7;22.7;52.5;47.2;57.7;10.9;18.9;44.0;6.0;7.7;35.2;9.0;11.8;33.2;10.6;13.2;28.8;29.5;13.8;4.6;8.8;8.8;10.2;28.3;14.3;5.7;11.8;12.5;10.7;5.0;53.1;49.1;5.9;48.6;58.4;259.2;35.2;15.9;15.9;36.1;23.2;15.7;22.2;62.1;53.0;21.4;48.5;36.6;35.3;47.8;38.4;33.8;13.0;15.8;19.4;8.5;17.5;8.4;13.1;45.3;38.4;25.1;25.4;38.6;17.7;49.4;8.5;49.0;53.8;21.7;58.3;57.7;11.6;42.3;38.4;8.7;21.1;27.9;32.7;6.9;9.5;60.8;8.3;14.5;10.6;11.1;32.8;13.2;31.8;8.8;10.2;12.9;7.7;18.1;12.8;2.6;2.6;14.1;40.4;4.2;15.2;14.7;6.4;65.0;59.0;35.9;42.3;35.8;38.5;20.3;11.4;4.6;59.1;22.3;16.8;10.9;44.4;6.6;57.9;26.3;13.5;13.4;10.4;17.1;10.4;69.6;55.0;10.7;23.4;36.0;30.9;39.4;40.6;63.7;12.8;45.7;8.2;0.0;6.0;62.9;52.0;30.5;19.9;52.4;16.5;53.5;62.2;11.9;7.1;6.7;55.4;27.3;49.5;6.8;6.7;17.4;34.4;20.7;10.2;18.4;15.1;17.7;23.9
Talstr. 25, 74182 Obersulm-Sülzbach;11.5;19.9;24.7;15.8;4.2;45.4;28.2;51.2;22.8;26.5;50.7;41.9;55.3;15.6;23.9;40.6;9.9;1.7;31.7;14.9;15.4;27.4;15.5;12.5;27.2;26.6;13.7;10.5;9.5;9.5;8.9;26.9;19.6;11.6;16.4;7.9;16.6;7.5;51.4;46.8;0.7;44.5;52.7;257.5;31.7;21.1;21.1;30.2;26.6;21.6;16.6;57.7;47.3;20.4;43.9;32.7;29.5;41.9;32.5;30.1;8.8;21.4;19.4;13.8;12.7;11.8;19.1;42.3;33.5;22.5;29.2;32.8;21.1;47.8;9.7;44.4;50.6;16.6;53.1;52.2;9.0;36.5;36.3;12.5;25.8;25.2;26.8;9.7;3.6;55.8;12.8;19.8;16.3;15.9;29.4;18.8;27.2;7.5;6.7;10.9;12.9;13.7;17.8;8.5;8.5;17.9;34.8;2.9;15.8;10.3;11.8;62.0;53.4;30.2;36.3;34.0;32.6;24.3;9.0;9.8;53.7;25.2;14.7;5.4;39.8;2.1;55.6;21.3;16.8;18.0;12.5;11.1;5.3;63.9;51.1;16.5;17.4;34.3;25.0;37.1;34.6;61.2;7.4;40.0;10.4;6.0;0.0;60.5;50.7;34.7;18.0;47.4;20.0;51.4;56.7;15.7;10.8;10.5;53.0;31.1;43.6;10.3;10.2;12.4;28.4;17.8;15.6;19.6;17.6;11.7;19.5
Tauberstraße 22, 97285 Taubertal-Tauberrettersheim;70.1;79.8;72.4;76.2;58.9;56.6;59.4;30.2;39.7;85.5;11.8;39.0;5.2;59.8;80.5;21.7;68.9;60.2;29.9;68.3;74.7;48.0;72.9;72.8;34.3;34.0;49.5;66.4;54.4;54.4;52.7;34.9;62.5;64.6;74.3;53.1;65.6;58.4;11.5;13.9;61.2;23.7;50.1;197.2;29.9;77.5;77.5;53.5;86.1;73.5;50.2;24.7;48.2;41.8;29.3;30.0;49.0;50.4;50.9;31.9;52.0;75.8;44.7;61.8;49.4;71.2;70.8;19.0;36.0;38.1;88.2;47.4;80.7;15.2;54.9;29.4;13.4;47.1;37.7;43.6;68.5;46.9;24.6;71.6;83.2;35.3;51.3;69.4;58.7;34.2;59.6;75.5;64.5;60.1;31.8;64.8;37.5;67.9;66.0;70.5;61.5;47.6;61.2;63.3;63.3;77.0;44.7;63.0;76.4;50.6;68.6;7.6;44.4;46.6;58.4;27.3;61.0;83.0;51.9;61.4;42.6;85.2;46.2;61.9;29.8;62.4;5.2;43.8;55.1;59.0;72.7;59.0;55.8;53.9;18.8;70.9;56.4;27.2;50.8;23.6;56.3;1.5;54.5;46.5;70.5;62.9;60.5;0.0;14.8;92.9;43.0;33.9;79.5;9.8;44.5;57.0;70.0;69.6;7.5;89.9;52.5;69.6;69.6;49.7;53.0;42.8;62.8;47.7;52.3;56.3;42.7
Theobaldstr., 97980 Bad Mergentheim-Edelfingen;61.4;68.9;59.2;65.8;48.3;58.1;56.1;36.0;28.3;74.0;4.1;40.8;11.4;47.3;68.4;19.7;58.0;50.7;24.2;56.3;63.7;44.9;61.3;63.2;23.6;25.8;38.2;55.0;43.2;43.2;42.2;23.9;49.4;52.8;62.8;44.0;53.1;47.2;3.9;8.9;51.4;26.0;54.4;207.2;24.2;65.5;65.5;51.1;74.8;60.9;43.8;33.7;51.1;30.6;31.9;25.8;46.5;51.6;49.4;26.5;42.8;63.5;32.9;49.5;41.3;60.4;58.3;16.3;34.3;28.8;76.6;46.0;69.5;3.7;43.6;32.3;18.2;40.1;43.5;48.5;59.3;46.7;15.1;60.7;71.2;26.5;48.0;58.8;49.5;41.3;47.5;63.4;51.9;47.5;25.3;51.9;32.8;58.2;56.8;61.3;49.3;39.3;48.3;52.0;52.0;65.8;43.9;52.9;66.4;41.7;57.1;21.2;49.6;44.3;57.3;16.9;58.7;71.5;41.8;49.8;48.1;74.2;36.0;53.1;30.3;52.8;10.4;37.9;42.5;46.1;62.3;51.6;46.5;60.7;24.9;58.9;50.5;16.5;47.0;15.2;54.9;16.2;45.8;47.4;60.0;52.0;50.7;14.8;0.0;80.9;32.7;38.0;68.3;7.2;50.7;44.5;59.1;58.7;10.5;78.3;54.0;58.8;58.8;41.6;50.2;33.5;50.3;35.2;39.7;49.0;35.6
Todtenwald, 74374 Zaberfeld-Leonbronn;31.2;15.5;24.3;20.3;34.8;76.2;57.6;85.9;53.2;8.3;81.9;76.0;87.7;33.8;12.5;74.5;25.0;35.8;65.7;24.7;19.3;60.8;20.1;26.4;58.5;60.0;43.4;26.6;38.6;38.6;40.7;57.9;32.5;28.3;18.8;42.5;28.0;34.7;82.5;79.0;34.1;79.0;85.3;287.7;65.7;15.5;15.5;61.8;8.9;20.8;50.7;92.4;80.1;51.1;78.6;67.1;62.5;74.2;64.8;64.4;43.2;17.6;48.3;31.4;47.3;22.9;22.9;75.7;68.2;55.5;5.9;65.9;13.8;78.7;38.1;79.1;84.3;51.3;87.4;85.8;30.6;69.6;68.3;22.2;9.7;58.4;59.3;25.0;37.8;90.4;33.4;17.5;29.2;33.5;63.4;29.7;61.9;29.1;32.4;29.4;31.6;48.3;33.1;29.7;29.7;16.8;68.4;31.8;22.4;44.9;24.4;95.4;87.0;63.7;66.2;65.6;61.3;10.4;42.0;31.5;87.4;11.2;47.2;36.4;74.5;33.5;87.7;55.9;38.6;35.3;22.7;42.6;40.0;96.5;85.5;22.1;49.1;65.7;57.9;69.5;65.2;93.8;42.1;73.1;24.5;30.5;34.7;92.9;80.9;0.0;50.1;81.9;14.9;83.2;90.4;36.5;23.9;24.3;85.4;4.0;75.4;24.4;24.5;47.1;60.3;51.2;30.8;45.7;41.3;44.6;54.1
Tuchbleiche 21, 74670 Forchtenberg-Sindringen;28.9;36.8;32.4;33.3;15.9;44.1;32.3;39.6;5.4;42.5;32.8;33.7;37.9;19.0;37.9;24.8;25.9;18.0;16.4;26.0;31.7;24.8;30.0;30.5;9.1;10.2;7.1;23.5;11.5;11.5;9.7;8.9;22.9;22.0;31.4;11.8;24.3;15.4;33.4;29.2;18.7;30.5;47.5;239.6;16.4;34.9;34.9;30.5;43.0;32.0;16.5;44.3;42.3;3.5;31.9;18.4;27.3;38.7;31.0;15.7;10.5;33.7;6.0;20.1;11.1;28.2;29.2;25.7;23.6;5.6;45.2;29.3;37.6;29.8;12.1;32.5;34.3;12.7;43.7;44.8;26.7;32.4;18.5;28.6;40.5;8.4;26.4;26.4;17.0;45.1;17.8;33.1;23.2;19.3;14.1;24.4;16.5;25.5;24.2;28.7;19.5;9.0;21.1;20.4;20.4;34.0;29.7;20.3;33.8;9.9;25.7;45.3;46.1;26.4;37.8;16.1;36.4;40.1;9.1;18.8;45.8;42.1;3.3;20.8;27.6;20.1;38.0;14.7;15.2;19.3;29.8;20.9;14.1;57.9;36.3;28.5;22.7;16.3;24.5;19.5;35.5;43.9;13.9;35.3;27.6;19.9;18.0;43.0;32.7;50.1;0.0;37.1;36.4;33.6;49.0;16.5;26.9;26.5;35.5;47.0;40.9;26.6;26.6;11.3;28.8;3.6;21.5;9.9;13.0;18.8;10.4
Uferweg 20, 74592 Kirchberg an der Jagst;52.4;66.6;68.7;62.0;48.2;23.1;31.6;5.2;38.3;73.6;34.3;7.1;31.1;55.6;71.2;19.4;57.2;46.1;22.4;60.7;62.7;22.5;62.8;56.6;34.3;28.2;43.7;57.0;46.7;46.7;43.7;35.2;59.7;56.7;63.8;39.9;60.2;49.7;34.9;29.1;47.9;12.1;16.5;222.5;22.4;68.3;68.3;25.1;73.4;67.4;31.3;13.8;14.3;38.8;6.5;19.7;21.8;17.5;21.7;22.1;39.4;68.1;42.5;56.0;34.9;59.1;64.6;22.3;14.0;32.1;76.2;18.8;68.1;34.7;47.4;6.0;21.2;30.8;6.7;10.5;52.0;16.3;30.0;59.8;73.1;29.9;25.1;56.9;44.1;8.5;53.9;66.9;59.3;55.9;24.2;60.9;21.1;52.9;49.9;53.6;55.3;34.4;57.9;54.1;54.1;65.1;15.6;50.2;60.7;37.8;58.8;29.2;11.6;19.8;27.4;31.8;31.4;71.6;41.8;53.5;10.4;71.7;38.3;45.7;10.1;48.5;32.3;26.2;52.2;56.3;59.2;40.0;42.2;23.4;15.1;62.9;34.4;32.2;25.8;28.2;25.8;33.4;40.0;14.4;57.4;52.4;47.4;33.9;38.0;81.9;37.1;0.0;67.0;31.9;13.3;53.3;58.2;57.9;29.9;78.2;19.2;57.7;57.6;35.1;25.6;34.1;57.8;46.6;50.1;37.6;28.8
Unter dem Hörnle, 74336 Brackenheim-Dürrenzimmern;17.0;1.7;19.2;5.9;20.6;61.9;43.3;71.0;40.1;6.6;68.9;61.1;74.3;22.8;7.8;60.3;10.6;21.0;51.4;13.6;4.7;45.9;7.6;12.1;45.2;45.9;30.2;13.5;25.2;25.2;26.8;44.7;23.3;16.0;6.1;27.8;18.0;21.2;69.6;65.6;19.4;64.5;70.6;275.5;51.4;7.4;7.4;47.2;6.7;14.1;35.8;77.7;65.3;37.9;63.8;52.6;47.6;59.5;50.1;49.9;28.6;10.7;35.5;20.0;32.6;8.3;14.4;61.8;53.3;41.6;9.3;51.1;1.2;65.8;24.8;64.3;70.2;36.5;72.4;70.9;15.9;54.8;54.9;7.8;7.6;44.4;44.5;10.3;23.0;75.5;21.5;8.8;18.9;22.7;49.1;20.6;47.2;14.3;17.5;15.0;19.8;33.7;23.1;16.3;16.3;2.6;53.5;17.1;8.7;30.3;11.3;81.5;72.1;48.8;51.9;52.3;47.2;4.8;27.8;18.7;72.6;5.9;33.3;21.5;59.8;18.6;74.4;41.1;27.2;24.9;7.8;27.8;25.2;81.8;71.0;11.5;34.3;52.5;43.0;55.9;50.8;80.3;27.3;58.3;9.7;16.5;20.0;79.5;68.3;14.9;36.4;67.0;0.0;70.0;75.5;25.2;9.5;9.9;72.0;11.2;60.8;9.9;10.0;32.4;45.6;37.1;20.1;33.7;29.6;29.7;39.5
Unterer Wasen 5, 97980 Bad Mergentheim-Markelsheim;61.3;70.4;62.7;66.9;49.5;53.0;53.0;29.5;30.0;75.9;3.0;35.4;5.0;50.1;70.8;15.2;59.5;51.1;21.9;58.6;65.3;41.6;63.3;63.7;24.7;25.1;39.9;56.8;44.8;44.8;43.3;25.3;52.7;54.9;64.7;44.1;55.9;48.8;3.3;4.7;52.0;20.1;48.4;206.2;21.9;67.8;67.8;47.5;76.5;63.8;42.2;26.6;45.5;32.2;26.1;22.7;42.9;46.6;45.4;24.0;42.9;66.1;35.0;52.0;40.8;61.8;61.1;11.8;30.2;28.9;78.6;42.0;71.2;5.9;45.3;26.4;11.3;38.8;37.0;42.3;59.5;42.1;15.1;62.2;73.5;26.2;44.8;60.1;49.7;34.6;49.9;65.8;54.7;50.3;23.5;55.0;30.1;58.8;57.0;61.5;51.7;38.9;51.4;53.8;53.8;67.5;39.6;53.8;67.2;41.7;59.0;14.8;43.3;40.6;53.3;17.7;55.2;73.4;42.6;51.8;41.7;75.7;36.8;53.1;25.2;53.3;4.6;36.0;45.3;49.2;63.4;50.7;46.7;54.1;18.0;61.2;48.7;17.5;44.0;14.3;50.9;10.9;45.7;42.5;61.2;53.5;51.4;9.8;7.2;83.2;33.6;31.9;70.0;0.0;44.2;47.3;60.5;60.1;3.5;80.3;48.9;60.2;60.2;41.0;46.8;33.6;53.0;38.0;42.6;48.0;34.4
Unteres Weiler, 74564 Crailsheim-Westgartshausen;59.6;74.9;79.6;70.0;58.3;19.6;35.1;14.7;50.9;82.1;46.8;15.4;42.6;66.8;80.5;32.7;66.4;55.3;35.4;70.9;71.5;29.6;72.2;64.2;47.2;40.9;55.2;66.9;57.6;57.6;54.5;48.1;71.1;67.0;73.1;49.8;71.0;60.2;47.3;41.9;57.2;25.1;8.2;224.6;35.4;77.8;77.8;29.4;81.6;77.7;40.1;20.4;11.3;51.1;19.8;32.7;27.9;17.5;26.0;34.8;49.6;78.0;54.7;66.9;44.9;68.0;74.9;35.5;25.5;44.4;84.5;24.4;76.5;47.6;58.3;19.3;33.0;40.7;7.2;4.6;59.8;20.8;43.3;68.8;82.2;42.5;31.2;65.9;53.2;10.5;64.8;76.6;70.2;67.2;37.0;72.0;32.6;61.2;58.0;61.2;66.1;44.9;69.2;64.3;64.3;73.9;22.0;59.5;68.4;48.0;68.5;38.5;3.4;26.7;28.1;45.1;33.2;80.2;52.5;64.0;3.3;79.6;49.8;54.0;23.2;57.4;43.9;36.4;63.9;67.8;67.7;47.7;51.8;10.1;26.4;72.9;41.3;45.5;32.5;41.6;27.7;43.7;49.5;17.4;66.1;62.2;56.7;44.5;50.7;90.4;49.0;13.3;75.5;44.2;0.0;64.8;67.3;67.0;41.8;86.5;17.5;66.7;66.7;45.1;30.6;45.8;68.7;58.8;62.0;45.8;39.8
Untergriesheimer Str. 15, 74861 Neudenau-Herbolzheim;26.2;26.2;16.0;24.5;11.5;57.2;41.9;56.0;17.6;30.0;45.7;49.3;52.0;2.8;24.0;40.8;16.4;17.2;32.8;12.0;21.0;37.9;17.6;25.0;23.1;26.5;9.6;12.1;8.0;8.0;11.0;22.4;6.4;9.2;19.2;17.3;8.6;8.2;46.3;43.3;16.0;46.9;62.3;251.2;32.8;21.1;21.1;42.3;31.1;16.5;27.2;60.8;57.0;16.0;48.3;34.9;40.3;52.6;43.8;32.2;16.7;19.0;12.5;5.2;21.1;18.5;13.9;41.3;39.5;22.0;32.5;43.0;26.3;42.4;7.4;48.9;50.0;24.9;59.8;60.4;23.3;46.5;32.8;18.4;26.8;24.7;38.4;17.9;18.1;61.4;3.8;19.0;7.5;3.1;30.5;8.1;32.3;20.7;21.7;24.8;5.3;20.4;4.6;10.1;10.1;22.5;44.1;15.5;26.4;18.0;14.0;60.3;61.7;40.1;49.2;29.9;46.3;27.5;13.1;7.4;61.5;31.0;15.0;21.1;44.0;17.3;51.8;28.7;2.1;3.0;21.3;25.7;16.9;73.2;52.5;14.5;30.9;29.9;36.4;34.2;47.2;58.0;18.9;49.7;19.4;11.9;15.7;57.0;44.5;36.5;16.5;53.3;25.2;47.3;64.8;0.0;17.3;16.9;49.8;34.1;54.6;17.2;17.3;21.1;40.5;19.2;5.8;9.3;4.8;25.2;25.0
Viehweide 20, 74080 Heilbronn-Böckingen;12.5;9.9;17.7;7.3;11.1;55.0;36.8;62.0;30.8;15.9;59.5;52.6;64.8;15.4;13.3;50.8;1.1;12.1;41.9;8.3;4.8;37.8;5.3;9.1;35.8;36.4;20.9;5.2;15.9;15.9;17.3;35.4;17.4;8.3;5.8;18.6;12.4;11.9;60.2;56.1;10.3;55.1;62.9;266.3;41.9;10.6;10.6;39.9;16.2;13.3;27.2;68.5;57.6;28.5;54.7;43.2;39.7;52.0;42.5;40.5;19.3;11.8;26.4;12.6;23.4;1.3;11.7;52.3;44.3;32.1;18.6;43.1;10.7;56.4;15.5;55.2;60.7;27.4;63.8;62.7;10.2;46.9;45.5;1.7;15.0;34.9;36.8;1.7;14.1;66.6;13.4;9.9;12.9;15.4;39.6;15.2;38.0;7.4;10.5;10.5;12.1;24.4;16.5;7.4;7.4;7.2;45.3;7.9;9.3;20.9;4.0;72.0;63.9;40.6;45.3;42.9;41.0;13.6;18.3;10.0;64.3;15.2;23.9;13.6;50.6;9.9;64.9;32.1;19.2;17.9;4.1;20.2;16.1;74.1;61.6;8.1;26.9;43.1;35.2;46.4;43.9;70.8;18.2;50.3;2.7;7.1;10.8;70.0;59.1;23.9;26.9;58.2;9.5;60.5;67.3;17.3;0.0;0.4;62.5;20.5;53.5;0.6;0.6;23.2;38.2;27.6;13.4;25.0;21.3;21.7;30.2
Viehweide 5, 74080 Heilbronn-Böckingen;12.6;10.3;17.7;7.6;10.7;54.8;36.7;61.7;30.4;16.2;59.1;52.3;64.4;15.1;13.5;50.4;0.7;11.8;41.6;8.1;5.2;37.6;5.4;9.3;35.4;36.0;20.5;4.9;15.5;15.5;16.9;35.0;17.1;8.0;6.1;18.2;12.1;11.5;59.8;55.7;9.9;54.8;62.6;265.9;41.6;10.9;10.9;39.7;16.6;13.3;26.9;68.1;57.3;28.1;54.3;42.8;39.5;51.8;42.3;40.1;18.9;11.9;26.0;12.2;23.1;1.7;11.6;51.9;44.0;31.7;19.0;42.9;11.1;56.0;15.1;54.8;60.3;27.1;63.5;62.4;10.2;46.6;45.1;2.1;15.3;34.5;36.6;1.7;13.8;66.3;13.1;10.0;12.6;15.1;39.2;15.0;37.6;7.3;10.4;10.5;11.8;24.0;16.2;7.0;7.0;7.6;45.0;7.6;9.6;20.6;3.8;71.6;63.7;40.4;45.2;42.5;40.9;14.0;17.9;9.6;64.0;15.6;23.5;13.4;50.2;9.6;64.5;31.7;18.8;17.5;4.4;20.0;15.7;73.9;61.3;8.1;26.7;42.7;34.9;46.0;43.7;70.4;17.9;50.1;2.9;6.7;10.5;69.6;58.7;24.3;26.5;57.9;9.9;60.1;67.0;16.9;0.4;0.0;62.1;20.8;53.3;0.5;0.6;22.9;37.9;27.2;13.1;24.6;20.9;21.4;29.8
Wallgraben, 97990 Weikersheim-Elpersheim;62.7;72.3;65.3;68.7;51.4;51.7;52.9;27.1;32.3;78.0;6.5;34.0;2.3;52.6;73.1;14.9;61.4;52.6;22.5;61.0;67.2;41.4;65.4;65.2;26.9;26.5;42.1;58.9;46.9;46.9;45.2;27.5;55.4;57.2;66.9;45.6;58.3;50.9;6.6;6.4;53.7;18.5;46.4;204.7;22.5;70.1;70.1;47.1;78.6;66.3;42.9;23.5;43.8;34.4;24.5;22.9;42.6;45.3;44.8;24.7;44.4;68.5;37.4;54.4;42.0;63.7;63.5;11.8;29.7;30.5;80.7;41.4;73.2;9.3;47.4;24.7;8.8;39.7;34.7;40.1;61.0;41.2;17.1;64.2;75.7;27.8;44.7;61.9;51.2;31.9;52.3;68.1;57.2;52.9;24.4;57.6;30.4;60.4;58.5;63.0;54.1;40.2;54.0;55.9;55.9;69.5;38.8;55.5;68.8;43.1;61.1;11.4;41.1;40.2;52.6;19.9;54.8;75.5;44.3;54.0;39.5;77.7;38.7;54.4;24.1;54.9;2.9;36.6;47.9;51.9;65.2;51.7;48.2;51.6;15.4;63.5;49.2;19.8;44.0;16.1;50.3;8.3;47.0;41.3;63.0;55.4;53.0;7.5;10.5;85.4;35.5;29.9;72.0;3.5;41.8;49.8;62.5;62.1;0.0;82.5;47.5;62.1;62.1;42.3;46.6;35.2;55.5;40.5;45.1;49.0;35.4
Weilerer Str., 74374 Zaberfeld-Zentrum;27.3;11.6;23.2;16.5;31.5;72.3;53.6;82.2;50.3;4.6;79.1;72.3;84.8;31.4;10.4;71.2;21.5;32.2;62.4;22.1;15.7;57.0;17.1;22.5;55.6;56.7;40.4;23.5;35.6;35.6;37.5;55.0;30.6;25.5;15.6;39.0;25.8;31.6;79.7;76.1;30.5;75.6;81.4;285.3;62.4;13.0;13.0;57.9;5.0;19.1;47.0;88.8;76.2;48.1;75.0;63.7;58.6;70.3;60.9;61.0;39.7;15.7;45.5;28.9;43.8;19.4;21.0;72.6;64.5;52.3;2.0;62.1;10.1;75.9;35.1;75.5;81.1;47.7;83.6;81.9;26.7;65.8;65.4;18.8;7.4;55.2;55.4;21.5;34.2;86.6;30.8;15.1;26.9;31.2;60.1;27.8;58.3;25.3;28.5;25.5;29.0;44.8;31.0;26.6;26.6;13.3;64.5;28.3;18.4;41.4;21.4;92.3;83.1;59.8;62.2;62.7;57.3;6.9;38.7;28.6;83.6;7.3;44.1;32.6;70.9;29.8;84.8;52.3;36.2;33.1;19.0;38.8;36.4;92.6;82.1;19.5;45.2;62.8;54.0;66.5;61.2;90.8;38.4;69.2;20.9;27.3;31.1;89.9;78.3;4.0;47.0;78.2;11.2;80.3;86.5;34.1;20.5;20.8;82.5;0.0;71.5;20.9;21.0;43.6;56.3;48.0;28.5;43.2;38.8;40.8;50.6
Weinbergstr. 10, 74424 Bühlertann;44.2;60.0;67.8;55.1;46.0;4.2;18.3;24.1;44.4;67.2;50.8;13.6;49.1;56.1;66.6;34.2;52.8;41.9;32.4;58.4;57.2;16.7;58.7;49.0;42.4;35.8;45.7;54.0;46.8;46.8;43.7;43.2;60.6;54.8;59.2;37.9;59.3;48.5;51.5;45.2;43.9;29.1;10.3;240.6;32.4;64.1;64.1;13.7;66.5;65.2;27.6;32.5;6.4;43.8;23.2;29.8;14.4;2.4;11.0;30.7;38.1;64.9;46.9;55.6;33.6;54.0;62.6;37.7;20.6;37.8;69.5;11.6;61.8;50.3;47.5;23.1;39.3;29.7;19.1;13.9;44.9;8.6;42.3;54.9;67.9;36.9;16.8;51.9;40.0;23.9;53.8;63.2;58.7;56.5;32.8;60.9;25.8;46.7;43.4;46.0;54.8;34.3;58.6;51.8;51.8;59.6;11.5;46.1;53.0;36.7;55.3;48.3;14.4;14.6;10.6;43.1;15.8;65.6;41.5;52.1;15.8;64.3;40.5;39.9;23.7;43.8;50.2;26.4;54.2;57.6;53.2;33.3;39.3;21.2;33.9;60.0;26.6;43.5;18.6;41.0;10.6;52.1;36.9;6.6;51.8;49.5;43.6;52.5;54.0;75.4;40.9;19.2;60.8;48.9;17.5;54.6;53.5;53.3;47.5;71.5;0.0;52.9;52.8;33.6;15.3;37.3;57.5;50.7;52.9;31.9;30.6
Wertwiesen 6, 74081 Heilbronn-Sontheim;12.1;10.2;18.1;7.4;10.7;54.4;36.3;61.5;30.5;16.3;59.2;52.0;64.4;15.4;13.8;50.4;0.8;11.6;41.5;8.6;5.2;37.3;5.8;8.8;35.5;36.0;20.6;5.3;15.6;15.6;16.9;35.0;17.5;8.4;6.3;18.1;12.6;11.6;59.9;55.8;9.7;54.6;62.3;266.0;41.5;11.2;11.2;39.3;16.6;13.8;26.7;68.0;57.0;28.2;54.2;42.7;39.2;51.4;42.0;40.1;18.8;12.3;26.1;12.6;22.9;1.6;12.1;51.8;43.8;31.7;19.0;42.6;11.1;56.1;15.2;54.7;60.3;26.9;63.3;62.2;9.7;46.3;45.1;2.2;15.5;34.5;36.3;1.2;13.6;66.1;13.4;10.4;13.1;15.5;39.2;15.4;37.5;6.9;10.0;10.1;12.1;23.9;16.6;7.3;7.3;7.7;44.7;7.4;9.2;20.4;4.2;71.6;63.4;40.1;44.8;42.6;40.5;14.1;17.9;9.9;63.7;15.6;23.5;13.0;50.1;9.3;64.6;31.5;19.1;17.9;4.0;19.6;15.6;73.6;61.2;8.6;26.3;42.7;34.6;46.1;43.4;70.4;17.7;49.8;2.4;6.8;10.3;69.6;58.8;24.4;26.6;57.7;9.9;60.2;66.7;17.2;0.6;0.5;62.1;20.9;52.9;0.0;0.1;22.7;37.6;27.2;13.5;24.8;21.2;21.1;29.7
Wertwiesen 8, 74081 Heilbronn-Sontheim;12.0;10.2;18.2;7.3;10.7;54.3;36.2;61.5;30.5;16.4;59.2;52.0;64.4;15.5;13.9;50.3;0.8;11.5;41.5;8.7;5.3;37.2;5.9;8.7;35.5;36.0;20.6;5.4;15.6;15.6;16.9;35.0;17.6;8.4;6.4;18.0;12.6;11.6;59.9;55.7;9.7;54.6;62.3;266.0;41.5;11.3;11.3;39.2;16.6;13.8;26.6;67.9;56.9;28.2;54.1;42.7;39.1;51.4;41.9;40.0;18.8;12.4;26.1;12.6;22.9;1.6;12.2;51.8;43.8;31.6;19.1;42.5;11.2;56.1;15.2;54.6;60.2;26.9;63.2;62.1;9.6;46.2;45.1;2.2;15.6;34.5;36.2;1.1;13.5;66.1;13.4;10.5;13.1;15.5;39.1;15.5;37.4;6.8;9.9;10.0;12.1;23.8;16.6;7.3;7.3;7.7;44.7;7.4;9.2;20.4;4.3;71.5;63.3;40.0;44.7;42.5;40.4;14.1;17.8;9.9;63.6;15.6;23.4;12.9;50.0;9.2;64.5;31.5;19.1;18.0;4.0;19.5;15.5;73.5;61.1;8.6;26.2;42.7;34.5;46.0;43.3;70.4;17.6;49.7;2.4;6.7;10.2;69.6;58.8;24.5;26.6;57.6;10.0;60.2;66.7;17.3;0.6;0.6;62.1;21.0;52.8;0.1;0.0;22.7;37.5;27.1;13.6;24.8;21.2;21.0;29.6
Weststr. 30, 74629 Pfedelbach;20.4;32.2;34.6;27.9;13.3;36.1;21.8;38.8;16.6;38.9;40.8;29.9;44.6;22.5;36.1;28.9;22.3;11.4;20.1;25.9;27.8;16.9;27.7;23.4;18.9;16.0;12.9;21.9;13.2;13.2;10.1;19.0;27.0;22.0;28.8;4.8;26.0;15.2;41.6;36.3;13.0;32.2;41.8;246.9;20.1;33.2;33.2;21.3;39.0;32.6;6.2;45.3;36.4;14.7;31.5;20.7;19.2;31.6;22.8;18.2;4.6;33.1;16.2;22.1;0.3;24.2;29.9;31.0;21.1;13.0;41.6;22.1;33.5;38.3;13.9;31.9;38.8;4.3;41.0;40.5;19.0;25.7;26.6;24.9;38.1;15.1;17.3;22.1;9.5;43.5;20.2;31.8;25.3;22.9;17.9;27.4;14.8;18.9;16.5;20.9;21.3;2.4;25.0;19.2;19.2;30.3;23.5;15.3;27.3;3.1;23.7;50.4;41.8;19.3;28.4;24.8;26.1;36.8;8.0;19.0;41.9;37.5;8.9;12.3;27.4;13.8;45.0;8.9;20.8;24.1;24.8;10.1;7.2;52.9;38.9;27.9;11.5;25.2;15.4;26.9;26.3;50.3;5.2;29.0;22.7;17.4;12.4;49.7;41.6;47.1;11.3;35.1;32.4;41.0;45.1;21.1;23.2;22.9;42.3;43.6;33.6;22.7;22.7;0.0;19.5;8.7;24.0;19.0;19.9;7.7;7.3
Ziegelberg 40, 74538 Rosengarten-Rieden;29.2;44.8;52.9;39.9;31.1;17.1;6.4;30.7;33.3;52.0;47.9;18.6;48.6;41.7;51.3;31.7;37.5;26.7;26.1;43.3;41.9;5.3;43.4;33.9;32.9;26.8;32.3;38.9;32.5;32.5;29.5;33.4;46.1;39.8;43.9;23.3;44.5;33.8;48.7;42.4;28.7;30.1;25.0;247.3;26.1;48.8;48.8;1.8;51.4;50.0;13.3;39.1;19.9;32.1;25.8;24.4;4.1;14.0;4.6;23.9;23.7;49.6;34.6;40.9;19.5;38.7;47.5;35.0;17.0;27.2;54.4;6.9;46.6;46.5;33.2;26.1;39.9;16.3;29.2;26.2;29.7;10.0;36.1;39.6;52.6;27.4;2.5;36.6;24.8;33.3;39.2;47.9;43.9;42.1;25.4;46.2;17.6;31.5;28.1;30.9;40.0;20.7;44.2;36.8;36.8;44.3;10.1;30.9;38.0;22.5;40.1;50.9;27.2;6.6;9.1;35.8;8.5;50.4;27.4;37.3;28.0;49.3;27.6;24.6;23.7;28.6;49.5;14.6;40.3;43.4;37.9;18.0;24.4;36.2;36.6;44.8;11.3;36.3;4.3;35.3;6.8;53.0;22.1;13.2;36.5;34.4;28.4;53.0;50.2;60.3;28.8;25.6;45.6;46.8;30.6;40.5;38.2;37.9;46.6;56.3;15.3;37.6;37.5;19.5;0.0;25.2;42.8;38.0;39.4;16.7;18.7
Zum Sportplatz, 74639 Zweiflingen;27.9;37.3;34.8;33.5;16.5;40.5;28.9;36.9;8.3;43.4;33.1;30.4;37.6;21.5;39.3;23.3;26.5;17.5;14.5;27.7;32.4;21.2;31.1;30.1;10.3;8.8;9.6;24.7;13.1;13.1;10.6;10.4;25.6;23.7;32.5;10.6;26.4;16.7;33.8;29.0;18.5;28.3;44.0;239.8;14.5;36.3;36.3;26.9;43.8;34.0;13.2;42.1;38.7;6.9;29.2;16.2;23.6;35.1;27.4;13.4;9.3;35.4;9.6;22.2;8.4;28.8;31.2;24.7;20.4;4.8;46.1;25.7;38.3;30.3;13.8;29.8;33.1;9.3;40.6;41.5;26.0;28.8;18.7;29.3;41.7;7.4;22.8;26.9;16.1;42.3;20.0;34.5;25.5;21.9;12.2;26.9;13.2;25.2;23.4;28.0;21.6;6.3;23.8;21.7;21.7;34.7;26.1;20.3;33.6;8.3;26.8;44.4;42.8;22.8;34.3;16.6;32.9;41.0;9.3;20.4;42.5;42.7;4.3;19.7;24.9;19.7;37.8;11.0;18.2;22.2;30.1;18.7;13.1;54.6;34.5;30.1;19.7;16.9;21.0;19.3;31.9;43.5;12.3;31.7;27.9;20.7;17.8;42.8;33.5;51.2;3.6;34.1;37.1;33.6;45.8;19.2;27.6;27.2;35.2;48.0;37.3;27.2;27.1;8.7;25.2;0.0;23.9;13.5;16.2;16.4;6.7
Zur Schön, 74177 Bad Friedrichshall-Duttenberg;24.2;21.3;11.0;20.4;11.9;59.8;43.5;60.7;23.3;24.5;51.5;53.4;57.7;3.0;18.3;46.2;12.8;17.3;37.9;6.6;16.4;40.8;12.5;22.1;28.8;31.7;14.5;8.2;11.1;11.1;14.2;28.0;4.2;5.2;14.1;19.6;2.9;9.0;52.1;49.0;15.7;52.0;65.8;256.9;37.9;15.5;15.5;44.6;25.7;10.8;29.9;65.8;60.4;21.4;53.1;39.9;43.1;55.6;46.5;37.1;19.5;13.2;18.1;1.9;24.1;14.5;8.1;46.8;43.8;27.1;27.0;46.1;21.2;48.2;10.4;53.6;55.5;28.2;64.1;64.3;21.5;49.7;38.4;14.2;21.2;29.9;40.9;14.4;18.7;66.0;3.9;13.4;1.7;2.7;35.6;3.4;36.7;18.5;20.4;22.6;2.8;23.9;3.1;7.7;7.7;17.6;47.5;14.4;22.7;21.0;9.7;66.0;65.6;43.3;51.3;35.6;47.9;22.0;16.3;5.9;65.5;25.9;19.6;20.9;48.8;16.7;57.6;32.4;7.8;4.8;17.5;26.5;18.5;76.8;57.8;9.0;32.5;35.6;39.0;39.8;49.4;63.8;20.8;53.1;15.9;10.2;15.6;62.8;50.3;30.8;21.5;57.8;20.1;53.0;68.7;5.8;13.4;13.1;55.5;28.5;57.5;13.5;13.6;24.0;42.8;23.9;0.0;15.1;10.5;26.7;29.0
Züttlinger Str. 1, 74219 Möckmühl;31.1;34.5;24.9;32.1;15.8;53.8;40.8;48.8;8.9;39.0;36.4;43.5;42.7;12.1;33.2;32.4;24.0;20.5;25.0;21.1;29.3;34.4;26.3;31.2;14.3;18.7;6.5;20.3;10.2;10.2;11.2;13.5;14.9;17.8;27.9;17.1;17.9;13.5;37.0;34.1;20.2;39.0;57.4;242.1;25.0;30.3;30.3;39.7;39.9;25.8;25.0;52.8;52.2;7.9;41.2;27.4;36.9;48.5;40.6;24.7;16.0;28.3;4.2;14.3;18.9;26.3;23.2;32.5;33.4;14.6;41.6;39.1;34.8;33.1;10.2;41.7;41.2;21.7;53.3;54.6;28.5;42.2;23.7;26.4;36.0;16.9;35.6;25.1;20.5;54.4;12.4;28.2;16.8;12.4;22.8;17.1;26.3;26.4;26.3;30.3;14.2;17.3;13.5;17.6;17.6;31.1;39.5;20.7;33.5;16.5;22.4;51.2;56.0;36.2;47.0;20.8;45.0;36.4;12.5;15.1;55.6;39.6;10.4;24.2;36.9;21.7;42.6;24.4;7.3;11.3;28.7;26.8;18.1;67.9;44.2;23.7;30.3;20.8;33.7;25.2;44.7;48.8;19.2;45.2;26.5;18.4;19.6;47.7;35.2;45.7;9.9;46.6;33.7;38.0;58.8;9.3;25.0;24.6;40.5;43.2;50.7;24.8;24.8;19.0;38.0;13.5;15.1;0.0;4.6;25.4;20.1
Züttlinger Str., 74861 Neudenau-Siglingen;28.8;30.6;20.3;28.5;13.5;55.7;41.5;52.5;13.2;34.7;41.0;46.6;47.3;7.6;28.7;36.7;20.4;18.8;28.9;16.7;25.3;36.2;22.2;28.3;18.7;22.6;7.2;16.3;8.3;8.3;10.5;17.9;10.4;13.6;23.7;17.0;13.4;10.5;41.5;38.7;18.0;43.1;60.1;246.5;28.9;25.8;25.8;41.2;35.7;21.2;26.1;56.9;54.8;11.8;44.9;31.2;38.7;50.7;42.4;28.5;16.1;23.8;8.2;9.9;19.9;22.6;18.6;36.9;36.5;18.2;37.2;41.2;30.8;37.6;8.0;45.4;45.6;23.3;56.7;57.7;26.0;44.5;28.2;22.6;31.6;20.8;37.1;21.7;19.2;58.1;8.2;23.8;12.2;7.8;26.7;12.5;29.4;23.7;24.1;27.7;9.9;18.7;8.9;13.9;13.9;27.0;42.0;18.1;30.2;17.0;18.4;55.8;59.0;38.3;48.3;25.3;45.9;32.2;12.4;11.3;58.7;35.5;12.4;22.7;40.6;19.5;47.2;26.6;2.8;6.8;25.2;26.3;17.4;70.7;48.4;19.3;30.7;25.3;35.2;29.7;46.1;53.3;18.9;47.6;23.1;15.1;17.6;52.3;39.7;41.3;13.0;50.1;29.6;42.6;62.0;4.8;21.3;20.9;45.1;38.8;52.9;21.2;21.2;19.9;39.4;16.2;10.5;4.6;0.0;25.4;22.6
Öhringer Str. 78, 71543 Wüstenrot-Neuhütten;14.9;29.2;36.3;24.4;14.8;33.7;16.8;42.0;24.3;36.3;48.0;31.5;51.3;26.0;34.9;34.9;20.9;10.1;26.4;26.7;25.7;16.2;26.8;19.0;26.6;23.2;18.9;22.2;17.4;17.4;14.8;26.8;30.3;23.3;27.5;8.4;28.1;17.8;48.8;43.3;12.0;37.0;41.2;253.4;26.4;32.3;32.3;18.4;36.0;33.3;6.6;49.3;35.9;22.3;35.2;26.5;18.1;30.4;20.9;24.4;9.4;33.0;23.2;24.8;8.0;22.3;30.8;37.4;24.5;20.7;38.8;21.5;30.8;45.6;18.0;35.6;44.7;9.2;42.8;41.2;14.4;25.2;33.9;23.1;36.4;22.6;15.2;20.2;8.2;46.0;23.3;31.3;27.6;26.3;24.6;30.0;19.6;15.5;12.3;16.0;23.9;10.1;28.4;20.2;20.2;28.1;23.8;14.2;23.1;9.2;23.4;56.4;42.4;19.1;24.7;32.3;21.2;34.4;13.0;21.0;42.8;34.1;16.1;8.2;31.5;11.9;51.8;13.0;25.6;28.0;21.9;2.7;8.4;52.5;43.9;28.1;5.8;32.7;13.5;34.1;22.9;56.8;6.5;28.7;20.3;17.7;11.7;56.3;49.0;44.6;18.8;37.6;29.7;48.0;45.8;25.2;21.7;21.4;49.0;40.8;31.9;21.1;21.0;7.7;16.7;16.4;26.7;25.4;25.4;0.0;13.6
Öhringer Str., 74632 Neuenstein-Zentrum;27.6;39.4;39.9;35.1;19.6;33.8;23.0;32.2;14.5;46.0;34.4;24.4;37.7;27.0;42.8;21.7;29.2;18.6;12.9;31.9;34.9;14.5;34.4;30.7;14.6;9.8;15.5;28.3;17.9;17.9;14.9;15.1;31.3;27.9;35.6;11.6;31.4;20.9;35.2;29.6;20.1;25.0;37.5;239.9;12.9;39.8;39.8;20.4;46.1;38.5;8.3;38.3;32.2;13.5;24.6;13.4;16.9;28.4;20.7;11.0;10.9;39.4;16.3;27.3;7.0;31.2;35.7;23.9;14.8;8.6;48.7;19.0;40.6;32.1;18.6;25.2;31.6;4.5;35.1;35.4;26.2;22.1;20.5;31.9;44.9;9.6;16.3;29.1;16.8;37.2;25.1;38.3;30.5;27.4;10.9;32.3;7.9;26.2;23.8;28.1;26.5;5.8;29.4;25.4;25.4;37.3;19.5;22.3;34.6;9.3;30.3;43.2;36.7;16.1;27.7;19.2;26.7;43.8;13.0;24.7;36.5;44.7;10.2;19.5;20.5;21.0;38.2;4.3;24.2;28.0;31.9;16.3;14.2;48.3;31.7;34.2;15.1;19.6;14.5;20.5;25.3;43.2;12.4;25.1;29.9;23.9;19.5;42.7;35.6;54.1;10.4;28.8;39.5;34.4;39.8;25.0;30.2;29.8;35.4;50.6;30.6;29.7;29.6;7.3;18.7;6.7;29.0;20.1;22.6;13.6;0.0
